{
  "name": "Upgrade Tomes",
  "icon": "bloodmagic:upgradetome",
  "priority": true,
  "category": "bloodmagic:alchemy_array/living_equipment",
  "extra_recipe_mappings": {
    "bloodmagic:upgradetome": 0
  },
  "pages": [
    {
      "type": "patchouli:text",
      "text": "Upon activating the $(l:bloodmagic:rituals/ritual_list/ritual_upgrade_remove)Sound of the Cleansing Soul$(), a series of magical $(item)Tomes$() will manifest around you. $(br2)By pressing [$(k:use)] whilst holding one of these, you can 'teach' your chestplate one level of this skill (Assuming it has enough spare points to learn it). Holding [$(k:sneak)] and [$(k:use)] will instead consume as much XP from the tome as possible."
    },
    {
      "type": "patchouli:text",
      "text": "Doing so will consume the $(item)Tome$() and apply all EXP from it to your chestplate - unless there are not enough $(thing)Upgrade Points$() available. $(br2)In this case, the Tome will apply as much EXP as it can and store the remainder - unless there's less than 1 level's worth left, in which case the tome will be destroyed."
    },
    {
      "type": "patchouli:text",
      "text": "This is an excellent way to focus training on abilities you wish to see more of, whilst conveniently forgetting ones you find less useful. $(br2)Alternately, you can teach different chestplates different skills, so you can have one chestplate for mining, one for combat, and yet another for exploration."
    }
  ]
}
