{
  "name": "Living Equipment Basics",
  "icon": "bloodmagic:reagentbinding",
  "category": "bloodmagic:alchemy_array/living_equipment",
  "extra_recipe_mappings": {
    "bloodmagic:reagentbinding": 1,
    "bloodmagic:livinghelmet": 3,
    "bloodmagic:livingplate": 3,
    "bloodmagic:livingleggings": 3,
    "bloodmagic:livingboots": 3
  },
  "pages": [
    {
      "type": "patchouli:text",
      "text": "To create $(item)Living Equipment$(), you will first need $(item)Iron Armor$() (or $(item)Iron Armour$(), if you prefer), some $(l:bloodmagic:alchemy_array/functional_arrays/arcane_ash)Arcane Ash$(), and some $(item)Binding Reagent$(). You'll also need at least a $(br)$(l:bloodmagic:demon_will/will_manipulation/soul_gem)Common Tartaric Gem$() in order to hold the $(item)Demon Will$() required."
    },
    {
      "type": "bloodmagic:crafting_alchemy_table",
      "heading": "Binding Reagent",
      "recipe": "bloodmagic:alchemytable/reagent_binding",
      "text": "$(italic)It clings to me tightly...$() $(br2)$(br2)$(item)Living Equipment$() is equivalent in durability to $(item)Diamond Armour$(), and can be repaired in an $(thing)Anvil$() with more $(thing)Binding Reagent.$()"
    },
    {
      "type": "patchouli:text",
      "text": "as with any other Alchemy Array, press [$(k:use)] while looking at a block with the $(item)Arcane Ashes$() in hand, then apply the $(item)Binding Reagent$(). Then place in your $(item)Iron Helmet$(), $(item)Iron Chestplate$(), $(item)Iron Leggings$() or $(item)Iron Boots$(), stand back, and watch the show.$(br2) Living Equipment starts off equivalent to Iron, but it has $(thing)Upgrade Points$() that can, with care, be spent to train it in specific ways. It starts with 100, but there may be ways to surpass this limitation..."
    },
    {
      "type": "bloodmagic:crafting_array",
      "heading": "Ritual of Binding",
      "recipe": "bloodmagic:array/living_helmet",
      "text": "It's alive, all right... and it's learning from you. You'd best be careful what you teach it. $(br2)You can keep a closer eye on what it's learned so far by holding [$(k:sneak)] when you look at it."
    }
  ]
}
