{
  "name": "Rune of Capacity",
  "icon": "bloodmagic:altarcapacityrune",
  "category": "bloodmagic:altar/blood_rune",
  "pages": [
    {
      "type": "patchouli:text",
      "text": "The $(item)Rune of Capacity$() increases the capacity of the $(l:bloodmagic:altar/blood_altar)Blood Altar$(/l) by an additive +20% per rune."
    },
    {
      "type": "patchouli:crafting",
      "recipe": "bloodmagic:blood_rune_capacity"
    },
    {
      "type": "patchouli:crafting",
      "recipe": "bloodmagic:blood_rune_capacity_2",
      "text":"With some $(item)Netherite Scrap$() and some $(item)Intricate Hellforged Parts$() looted from the $(l:bloodmagic:dungeons/endless_realm)Demon Realm$(), you can double the power of your $(item)Rune of Capacity$(), increasing the capacity of the $(l:bloodmagic:altar/blood_altar)Blood Altar$(/l) by an additive +40% per rune."
    },
    {
      "type": "bloodmagic:crafting_arc",
      "recipe": "bloodmagic:arc/reversion/capacity",
      "text":"If you change your mind, you can undo the recipe in the ARC."
    }
  ]
}