{
  "name": "Rune of The Orb",
  "icon": "bloodmagic:orbcapacityrune",
  "category": "bloodmagic:altar/blood_rune",
  "pages": [
    {
      "type": "patchouli:text",
      "text": "The $(item)Rune of The Orb$() increases the capacity of the $(item)Blood Orb$() that is inside of the Altar by +2% additively per rune while it is inside of the Altar."
    },
    {
      "type": "patchouli:crafting",
      "recipe": "bloodmagic:blood_rune_orb"
    },
    {
      "type": "patchouli:crafting",
      "recipe": "bloodmagic:blood_rune_orb_2",
      "text":"With some $(item)Netherite Scrap$() and some $(item)Intricate Hellforged Parts$() looted from the $(l:bloodmagic:dungeons/endless_realm)Demon Realm$(), you can double the power of your $(item)Rune of the Orb$(), increasing the orb's capacity by an additive +4% per rune."
    },
    {
      "type": "bloodmagic:crafting_arc",
      "recipe": "bloodmagic:arc/reversion/orb_rune",
      "text":"If you change your mind, you can undo the recipe in the ARC."
    }
  ]
}