{
  "name": "Lava Sigil",
  "icon": "bloodmagic:lavasigil",
  "category": "bloodmagic:alchemy_array/sigil",
  "pages": [
    {
      "type": "patchouli:text",
      "text": "The sister sigil to the $(l:bloodmagic:alchemy_array/sigil/water)Water Sigil$(/l). Press [$(k:use)] when holding the $(item)Lava Sigil$() to create a source block of $(fire)lava$() on the ground, for the cost of $(blood)1000 LP$(). Crafted in an $(l:bloodmagic:alchemy_array/functional_arrays/arcane_ash)Alchemy Array$(/l) using a $(item)Lava Reagent$() and a $(item)Blank Slate,$() it'll drain 5 hearts from you if you don't have enough LP in your $(l:bloodmagic:altar/soul_network)Soul Network.$(/l)"
    },
    {
      "type": "bloodmagic:crafting_2-step_sigil",
      "alchemy_table.heading": "Lava Reagent",
      "alchemy_table.recipe": "bloodmagic:alchemytable/reagent_lava",
      "array.heading": "Lava Sigil",
      "array.recipe": "bloodmagic:array/lavasigil",
      "array.text": "$(italic)HOT! DO NOT EAT$()"
    },
    {
      "type": "patchouli:image",
      "images": [
        "bloodmagic:images/entries/sigil/lava_sigil1.png",
        "bloodmagic:images/entries/sigil/lava_sigil2.png"
      ],
      "title": "Lava Sigil Array",
      "border": true,
      "text": "The Lava Sigil, next to its crafting array, plus its primary use."
    },
    {
      "type": "bloodmagic:crafting_alchemy_table",
      "heading": "Lava Bucket",
      "recipe": "bloodmagic:alchemytable/sigil_lava_bucket",
      "text": "What's more, it can be used in the $(l:bloodmagic:alchemy_table/alchemy_table)Alchemy Table$() to automate the production of $(fire)Lava Buckets$(). The Sigil is not consumed in this recipe."
    }
  ]
}
