{
  "name": "Sigil of Magnetism",
  "icon": "bloodmagic:sigilofmagnetism",
  "category": "bloodmagic:alchemy_array/sigil",
  "pages": [
    {
      "type": "patchouli:text",
      "text": "Increases the player's item pickup range to 7 blocks when active. Toggle on/off by holding the Sigil in your hand, and then holding [$(k:sneak)] and pressing [$(k:use)]. $(br2)Consumes 50 $(blood)LP$() every 5 seconds while active."
    },
    {
      "type": "bloodmagic:crafting_2-step_sigil",
      "alchemy_table.heading": "Magnetism Reagent",
      "alchemy_table.recipe": "bloodmagic:alchemytable/reagent_magnetism",
      "array.heading": "Sigil of Magnetism",
      "array.recipe": "bloodmagic:array/magnetismsigil"
    },
    {
      "type": "patchouli:text",
      "flag": "mod:curios",
      "text": "As you have the $(thing)Curios API$() installed, you can equip this $(item)Sigil$() as a charm. If you want to wear more curios at once, consider using a $(l:bloodmagic:alchemy_array/sigil/holding)Sigil of Holding$(), or the $(l:bloodmagic:alchemy_array/living_equipment/armor_upgrades/curios_sockets)Socketed Upgrade$() for your $(l:bloodmagic:alchemy_array/living_equipment/living_basics)Living Armour$()."
    }
  ]
}