{
  "name": "Sigil of the Fast Miner",
  "icon": "bloodmagic:miningsigil",
  "category": "bloodmagic:alchemy_array/sigil",
  "pages": [
    {
      "type": "patchouli:text",
      "text": "The $(item)Sigil of the Fast Miner$() is a Sigil that, when activated using [$(k:sneak)] and [$(k:use)], will consume $(blood)100 LP$() every 5 seconds and apply the Haste potion effect. Thus, it increases your mining, digging, and cutting speeds. Crafted using the $(item)Mining Reagent$() and $(item)Reinforced Slate$() in an alchemy array."
    },
    {
      "type": "bloodmagic:crafting_2-step_sigil",
      "alchemy_table.heading": "Mining Reagent",
      "alchemy_table.recipe": "bloodmagic:alchemytable/reagent_fastminer",
      "array.heading": "Sigil of the Fast Miner",
      "array.recipe": "bloodmagic:array/fastminersigil"
    },
    {
      "type": "patchouli:image",
      "images": [
        "bloodmagic:images/entries/sigil/mining_sigil1.png",
        "bloodmagic:images/entries/sigil/mining_sigil2.png"
      ],
      "title": "Fast Miner Sigil Array",
      "border": true,
      "text": "The Sigil of the Fast Miner's array, plus its primary uses."
    },
    {
      "type": "patchouli:text",
      "flag": "mod:curios",
      "text": "As you have the $(thing)Curios API$() installed, you can equip this $(item)Sigil$() as a charm. If you want to wear more curios at once, consider using a $(l:bloodmagic:alchemy_array/sigil/holding)Sigil of Holding$(), or the $(l:bloodmagic:alchemy_array/living_equipment/armor_upgrades/curios_sockets)Socketed Upgrade$() for your $(l:bloodmagic:alchemy_array/living_equipment/living_basics)Living Armour$()."
    }
  ]
}
