{
  "name": "Teleposition Sigil",
  "icon": "bloodmagic:telepositionsigil",
  "category": "bloodmagic:alchemy_array/sigil",
  "pages": [
    {
      "type": "patchouli:text",
      "text": "Teleports the user to a linked Teleposer at a cost of $(blood)1000 LP$() per use. By shift-clicking on a Teleposer with the sigil in hand, the location and dimension of the Teleposer can be recorded, allowing for a quick escape back home. $(br2)Just don't move the Teleposer by accident..."
    },
    {
      "type": "bloodmagic:crafting_2-step_sigil",
      "alchemy_table.heading": "Teleposition Reagent",
      "alchemy_table.recipe": "bloodmagic:alchemytable/reagent_teleposition",
      "array.heading": "Teleposition Sigil",
      "array.recipe": "bloodmagic:array/telepositionsigil",
      "array.text": "$(italic)Now you see me...!$()"
    }
  ]
}
