{
  "name": "Water Sigil",
  "icon": "bloodmagic:watersigil",
  "category": "bloodmagic:alchemy_array/sigil",
  "pages": [
    {
      "type": "patchouli:text",
      "text": "The $(item)Water Sigil$() is a rather simple sigil. When you press [$(k:use)] while looking at a block, you can drain 100LP from your $(l:bloodmagic:altar/soul_network)Soul Network$(/l) to place a source block of water in the world. If there's not enough LP, it will instead drain the toll from your health. Crafted using a $(item)Water Reagent$() and a $(item)Blank Slate.$()"
    },
    {
      "type": "bloodmagic:crafting_2-step_sigil",
      "alchemy_table.heading": "Water Reagent",
      "alchemy_table.recipe": "bloodmagic:alchemytable/reagent_water",
      "array.heading": "Water Sigil",
      "array.recipe": "bloodmagic:array/watersigil",
      "array.text": "$(italic)Infinite water, anyone?"
    },
    {
      "type": "patchouli:image",
      "images": [
        "bloodmagic:images/entries/sigil/water_sigil1.png",
        "bloodmagic:images/entries/sigil/water_sigil2.png"
      ],
      "title": "Water Sigil Array",
      "border": true,
      "text": "The Water Sigil, next to its crafting array, plus its primary use."
    },
    {
      "type": "bloodmagic:crafting_alchemy_table",
      "heading": "Water Bucket",
      "recipe": "bloodmagic:alchemytable/sigil_water_bucket",
      "text": "What's more, it can be used in the $(l:bloodmagic:alchemy_table/alchemy_table)Alchemy Table$() to automate the production of $(water)Water Buckets$(). The Sigil is not consumed in this recipe."
    }
  ]
}
