{
  "name": "Alchemy 配列の基本",
  "icon": "bloodmagic:arcaneashes",
  "category": "bloodmagic:alchemy_array/functional_array",
  "pages": [
    {
      "type": "patchouli:text",
      "text": "$(item)Arcane Ashes$() は、Alchemy Array の作成において重要なアイテムです。$(item)Arcane Ashes$() は、いくつかのゲーム初期アイテムを使用して$(l:bloodmagic:alchemy_table/alchemy_table)Alchemy Table$() で作成できます。"
    },
    {
      "type": "bloodmagic:crafting_alchemy_table",
      "heading": "Arcane Ashes",
      "recipe": "bloodmagic:alchemytable/arcane_ash"
    },
    {
      "type": "patchouli:text",
      "text": "Alchemy Array を作成するには、$(item)Arcane Ashes$() を手に持ったブロックを見ながら [$(k:use)] を押します。これにより、$(item)Arcane Ashes$() から 20 のうち 1 の耐久性が消費され、単純な$(thing)Alchemy Array$() が描画されますが、それ自体には何の効果もありません。$(br2)$(thing)Alchemy Array$() をクリックすると、手のスタックから単一の$(item)item$() が消費され、配列内に保持されます。これらのアイテムは、$(thing)Alchemy Array$() の効果を決定するために使用されます。"
    },
    {
      "type": "patchouli:image",
      "images": [
        "bloodmagic:images/entries/alchemy_array/simple_array.png",
        "bloodmagic:images/entries/alchemy_array/divination_array_1.png",
        "bloodmagic:images/entries/alchemy_array/divination_array_2.png"
      ],
      "title": "アルケミーアレイ",
      "border": true,
      "text": "$(thing)Alchemy Array$() は以下の配列を表示します。入力なし。$(item)ベース item$() のみ;$(item)Base$() と$(item)Catalyst$() の両方。"
    },
    {
      "type": "patchouli:text",
      "text": "各エフェクトには、$(item)Base$() と$(item)Catalyst$() の 2 つのアイテムが必要です。$(item)Base$() は配列の描画後にクリックする最初の項目であり、$(item)Catalyst$() は 2 番目の項目です。ベースアイテムを適用すると、有効であれば配列のデザインが変化し、触媒を適用すると配列が活性化します。"
    },
    {
      "type": "patchouli:text",
      "text": "現在実装されている配列はほんのわずかですが、最終的には単純な$(l:bloodmagic:alchemy_array/functional_arrays/crafting_array)クラフト配列$(/l)からテレポーテーション配列に至るまでの配列が得られるようになるでしょう。"
    }
  ]
}