{
  "name": "配列を使った作成",
  "icon": "bloodmagic:divinationsigil",
  "category": "bloodmagic:alchemy_array/functional_array",
  "pages": [
    {
      "type": "patchouli:text",
      "text": "$(1)Crafting$() の Alchemy 配列は、配列の最も単純な形式の 1 つです。これらの配列は、$(item)ベース item$() を$(item)Catalyst$() に書き込み、両方を便利なアイテムに変換します (小さくて美しいアニメーションの後)。"
    },
    {
      "type": "patchouli:text",
      "text": "これらの結果として得られるアイテムの一部は、非常に単純な材料$(/l)を使用して$(l:bloodmagic:alchemy_array/sigil/divination)を作成できますが、その他のアイテムは便利なアイテムを作成するために追加の手順が必要です。"
    }
  ]
}