{
  "name": "移動配列",
  "icon": "minecraft:feather",
  "category": "bloodmagic:alchemy_array/functional_array",
  "pages": [
    {
      "type": "patchouli:text",
      "text": "Movement Array は、プレイヤー、Mob、アイテムなどを特定の方向に投げる配列のペアです。1人はアイテムを水平に投げ、もう1人はアイテムを垂直に投げます。"
    },
    {
      "type": "bloodmagic:2x_functional_array",
      "a.heading": "Speed Array",
      "a.recipe": "bloodmagic:array/movement",
      "a.image": "movementarray.png",
      "b.heading": "Updraft Array",
      "b.recipe": "bloodmagic:array/updraft",
      "b.image": "updraftarray.png"
    }
  ]
}