{
  "name": "スパイクアレイ",
  "icon": "minecraft:iron_ingot",
  "category": "bloodmagic:alchemy_array/functional_array",
  "pages": [
    {
      "type": "patchouli:text",
      "text": "スパイク アレ​​イは、単一の目的を備えたかなり単純なアレイです。生命体がアレイに足を踏み入れたとき、彼らは大きなダメージを受けます。これは、暴徒のトラップや、プレイヤーのために基地を少し尖らせるのに適しています。"
    },
    {
      "type": "bloodmagic:functional_array",
      "heading": "Spike Array",
      "recipe": "bloodmagic:array/spike",
      "image": "spikearray.png"
    }
  ]
}