{
  "name": "昼夜アレイ",
  "icon": "minecraft:clock",
  "category": "bloodmagic:alchemy_array/functional_array",
  "pages": [
    {
      "type": "patchouli:text",
      "text": "時間ベースの配列は、時刻を制御する単純な配列です。配列が時間を変更し始めると、アイテムは消費されます。これらのレシピは一時的なものであり、将来変更される可能性があります。$(br2)Day 配列は時刻を次の日の出に変更します。Night 配列は、時刻を次の日没に変更します。"
    },
    {
      "type": "bloodmagic:2x_functional_array",
      "a.heading": "New Dawn",
      "a.recipe": "bloodmagic:array/day",
      "a.image": "sunarray.png",
      "b.heading": "True Twilight",
      "b.recipe": "bloodmagic:array/night",
      "b.image": "moonarray.png"
    }
  ]
}