{
  "name": "錬金術反応チャンバー",
  "icon": "bloodmagic:alchemicalreactionchamber",
  "category": "bloodmagic:utility",
  "pages": [
    {
      "type": "patchouli:text",
      "text": "$(item)Alchemical Reaction Chamber$() はまだ完全には実装されていませんが、特に$(thing)Furnace$() として機能し、$(l:bloodmagic:utility/ore_processing)Ore-Tripling$() の形式を提供し、$(l:bloodmagic:altar/soul_network)Blood Orbs$()、$(item)Netherrite$() および$(item)Reinforced Runes$() を元に戻すことができ、現時点では$(blood)を入手する唯一の方法です。弱い血液の破片$()、特に$(l:bloodmagic:dungeons/tau_fruit)飽和タウ$() からのもの。"
    },
    {
      "type": "patchouli:crafting",
      "recipe": "bloodmagic:arc"
    },
    {
      "type": "bloodmagic:crafting_soulforge",
      "heading": "Sanguine Reverter",
      "recipe": "bloodmagic:soulforge/sanguine_reverter",
      "anchor": "blood_shard",
      "text": "$(item)Sanguine Reverter$() は、$(blood)Weak Blood Shards$() を作成し、$(l:bloodmagic:altar/soul_network)Blood Orbs$()、$(item)Netherrite$()、および$(item)Reinforced Runes$() を入力クラフト アイテムに戻すために使用されます。"
    },
    {
      "type": "bloodmagic:3x_crafting_arc",
      "a.heading": "Weak Blood Shard",
      "a.recipe": "bloodmagic:arc/weakbloodshard_tau",
      "b.heading": "Revert Weak Blood Orb",
      "b.recipe": "bloodmagic:arc/reversion/weak_blood_orb",
      "c.heading": "Revert Apprentice Orb",
      "c.recipe": "bloodmagic:arc/reversion/apprentice_blood_orb"
    },
    {
      "type": "bloodmagic:3x_crafting_arc",
      "a.heading": "Revert Magician Orb",
      "a.recipe": "bloodmagic:arc/reversion/magician_blood_orb",
      "b.heading": "Revert Master Orb",
      "b.recipe": "bloodmagic:arc/reversion/master_blood_orb",
      "c.heading": "Revert netherrite",
      "c.recipe": "bloodmagic:arc/reversion/netherite_ingot"
    },
    {
      "type": "bloodmagic:crafting_arc",
      "heading": "Revert Reinforced Rune",
      "recipe": "bloodmagic:arc/reversion/speed",
      "text": "すべての強化ルーンはこの方法で元に戻すことができます。これは単なるデモンストレーションです。"
    },
    {
      "type": "patchouli:crafting",
      "heading": "Hydration Cell",
      "recipe": "bloodmagic:primitive_hydration_cell",
      "text": "水和セルは、バランスの基礎となる粘土を作るために使用されます。"
    },
    {
      "type": "bloodmagic:2x_crafting_arc",
      "a.heading": "Clay from Sand",
      "a.recipe": "bloodmagic:arc/clay_from_sand",
      "a.fluid_input": "minecraft:water_bucket",
      "b.heading": "Clay from Terracotta",
      "b.recipe": "bloodmagic:arc/clay_from_terracotta",
      "b.fluid_input": "minecraft:water_bucket"
    }
  ]
}