{
  "name": "ブラッドストーンレンガ",
  "icon": "bloodmagic:largebloodstonebrick",
  "category": "bloodmagic:utility",
  "pages": [
    {
      "type": "patchouli:text",
      "text": "$(item)ブラッドストーン レンガ$() は装飾ブロックであり、Tier-4$(l:bloodmagic:altar/blood_altar)血の祭壇$() の$(thing)キャップストーン $() として使用されます。$(item)弱い血液の破片$() が必要です。これは、$(l:bloodmagic:dungeons/tau_fruit)飽和タウ$() を、$(l:bloodmagic:utility/alchemical_reaction_chamber#blood_shard)サングイン回復剤 $() が入った$(l:bloodmagic:utility/alchemical_reaction_chamber)錬金術反応チャンバー $() に入れることで作成できます。"
    },
    {
      "type": "patchouli:crafting",
      "recipe": "bloodmagic:largebloodstonebrick",
      "recipe2": "bloodmagic:bloodstonebrick"
    }
  ]
}