{
  "name": "ペリティアの書",
  "icon": "bloodmagic:experiencebook",
  "category": "bloodmagic:utility",
  "pages": [
    {
      "type": "patchouli:text",
      "text": "$(item)Tome of Peritia$() を使用すると、$(thing)の経験 $() を安全に保存できます。$(br2)を手に持った状態で [$(k:sneak)] と [$(k:use)] を押すと、$(thing)1 レベルの XP$() が保存されます。[$(k:use)]$(thing)を押すと、level$() が取得されます。[$(k:use)] を押して$(thing)を複数のレベルに格納/取得します$()。"
    },
    {
      "type": "patchouli:crafting",
      "recipe": "bloodmagic:experience_tome"
    },
    {
      "type": "patchouli:text",
      "flag": "mod:curios",
      "text": "$(thing)Curios API$() がインストールされているので、$(item)Tome of Peritia$() をチャームとして装備できます。一度にさらに多くの骨董品を着用したい場合は、$(l:bloodmagic:alchemy_array/sigil/holding)Sigil of Holding$()、または$(l:bloodmagic:alchemy_array/living_equipment/living_basics)Living Armour$() の$(l:bloodmagic:alchemy_array/living_equipment/armor_upgrades/curios_sockets)Socketed Upgrade$() の使用を検討してください。"
    }
  ]
}