{
  "name": "変更履歴",
  "icon": "minecraft:map",
  "category": "bloodmagic:utility",
  "priority": "true",
  "pages": [
    {
      "type": "patchouli:text",
      "text": "$(6)Blood Magic$() のこれまでのすべての変更ログ (最新のものから古いものまで)。"
    },
    {
      "type": "patchouli:text",
      "title": "3.2.5",
      "text": "$(li)釣り竿が実際に動作するように修正しました。$(li)質問しないでください。"
    },
    {
      "type": "patchouli:text",
      "title": "3.2.4",
      "text": "$(li)悪魔のダンジョンのより大きなバージョンへのアクセスを提供する「無限の領域への道」儀式を実装しました!$(li2)「The Endless Realm」は、自動生成された広大なダンジョンで、戦利品がいっぱいのチェストと強力なモンスターが詰め込まれています。$(li2)その多くの部屋をうまく移動できた人は、デモナイトという鉱石を見つけるかもしれません。"
    },
    {
      "type": "patchouli:text",
      "text": "他では見つかりません。$(li2)ダンジョンには現在 2 つの異なる領域があります:$(li3)幅広い戦利品やモンスターが含まれる「エントランス ゾーン」$(li3)高度な錬金術や血の祭壇を Tier 5 に強化するために使用されるデモナイトの豊富な埋蔵量を含む「隠された鉱山」。エントランス ゾーンで「職長の鍵」を見つけることでアクセスできます。"
    },
    {
      "type": "patchouli:text",
      "text": "$(li2)ダンジョンを深く掘り下げると、時折「空間の歪み」が発生することがあります。これにより、部屋内のドアの 1 つが、レアなダンジョンの部屋につながるドアに変わります。$(li)より多くの部屋、部屋タイプ、特別な部屋がダンジョンに登場します (最終的には (間もなく (tm)))!$(li)He​​llforged Sand および Hellforged Ingot に加工できるデーモンナイトを追加しました。"
    },
    {
      "type": "patchouli:text",
      "text": "$(li)持続時間の延長 (XL) またはより強力な効果 (III) を提供する、より高度な塗油を追加しました。$(li)Alchemy Flaskのポーション効果をさらに増強する「標準延長触媒」と「標準パワー触媒」を追加しました。$(li)以前のツールよりも高速で長持ちする、より強力な Alchemic Reaction Chamber ツールを追加しました。$(li2)He​​llforged Resonator$(li2)He​​llforged 爆発セル$(li2)高度な切削液"
    },
    {
      "type": "patchouli:text",
      "text": "$(li2)これらのツールを使用すると、ボーナス出力の可能性も高まります。たとえば、中間切削液は未加工鉄あたり 1.5 倍の砂鉄を提供しますが、上級切削液は 1.67 倍を提供します。$(br2)$(li)アップグレードされた爆発物を追加し、以前のバージョンの威力を微調整しました。$(li2)Augmented Shaped Charge - 7x7x7 立方体のブロックを破壊します。"
    },
    {
      "type": "patchouli:text",
      "text": "$(li2)トンネリング形状チャージ - 5x5x20 の長いブロックのセットを破壊します。$(li2)拡張制御充電 - 同じタイプの最大 8x64 ブロックを分割します。$(li2)拡張された Deforester Charge - 最大 8x64 の丸太を破壊し、接続されている葉を取り除きます。$(li2)Augmented Fungal Charge - オーバーワールドとネザーの大きなキノコに関連する最大 8x64 ブロックを破壊します。"
    },
    {
      "type": "patchouli:text",
      "text": "$(li)隠された鉱山内の戦利品を通じてのみ見つけることができる Hellforged Parts を追加しました。$(li2)ブラッド ルーンを強化するために使用され、指定されたルーンの効果が 2 倍になります。$(li)錬金術反応室でレゾネーターを使用する際の「Tiny Corrupted Dust」の発生率を増加しました。$(li2)Corrupted Dust を使用すると、目的の鉱石の収量を増やすことができます。"
    },
    {
      "type": "patchouli:text",
      "text": "$(li)占いと予見者の印章に新機能を追加しました。印章をスニークしてアクティブ化すると、GUI が開き、個々の HUD 要素をドラッグして新しい位置を保存できるようになります。$(li)新しい注油を追加しました:$(li2)「修復軟膏」。ツールの使用時に損傷したツールをわずかに修復します。$(li2)採掘されたありふれたブロックを破壊する「ヴォイドエッセンス」。"
    },
    {
      "type": "patchouli:text",
      "text": "$(li)また、経験値を提供するブロックでのみ機能するように「マイナーの秘密」を微調整し、追加の経験値が提供された場合にのみ使用されるようにしました。$(li)バニラ鉱石の処理に関連するいくつかのテクスチャを更新しました。$(li)製作後の血の祭壇の遅延を修正しました。祭壇がクラフトを完了してから新しいクラフトを開始しようとするまでの遅延は 30 ティックになりました。$(li)Body Builder を修正し、適切に入手できるようにしました。"
    },
    {
      "type": "patchouli:text",
      "text": "$(li)収穫の儀式におけるネザーウォートの処理を修正しました。$(li)Sentient Scythe が紙で作られないように修正しました。実際にダメージも与えるようになりました！$(li)エンチャント中にセンティエントサイスが鋭さエンチャントを受けられるようにしました。$(li)「Tough Palms」リビングアップグレードと相互作用するように、Ritual of the Feathered Knifeを変更しました。"
    },
    {
      "type": "patchouli:text",
      "text": "$(li)鉄の投げるダガーと同じダメージを与えるアメジストの投げるダガーを追加しました。$(li2)ARC 内で残留錬金術フラスコと組み合わせると、投げられたダガーにポーション効果を追加できます。$(li)バニラレシピを自動作成できる、リワークされた儀式「Rhythm of the Beating Anvil」を追加しました。強化すると、Hellfire Forge と Alchemy Table のレシピの自動化も簡素化できます。"
    },
    {
      "type": "patchouli:text",
      "text": "$(li)現在保持しているトレーニング ブレスレットを尊重するように「Penance of the Leaded Soul」を変更しました。$(li)黒曜石の道のレシピを再実装しました。"
    },
    {
      "type": "patchouli:text",
      "title": "3.2.3",
      "text": "$(li)特定の条件下で追加のフォーチュンが適切に適用されるようにフォーチュナ抽出を修正しました。$(li)タイル エンティティの移動を妨げていた Teleposer のクラッシュを修正しました。$(li)銅砂 > 銅インゴットの精錬レシピ、およびすべてのダストの溶鉱炉レシピを追加しました。"
    },
    {
      "type": "patchouli:text",
      "title": "3.2.2",
      "text": "$(li)今回はゲーム内ガイドを実際に修正しました。"
    },
    {
      "type": "patchouli:text",
      "title": "3.2.1",
      "text": "$(li)レシピが適切にロードされるようにゲーム内ガイドを修正しました。$(li)クラフト以外の Alchemy Array を修正しました。$(li)現在の世界の構築制限を尊重するために、落下する塔のマークと磁気の儀式を修正しました。$(li)鉱石の破片など、いくつかのテクスチャを変更しました。"
    },
    {
      "type": "patchouli:text",
      "title": "3.2.0",
      "text": "$(li)1.18.2 の初期リリース。$(li)使用されるツールとアクティブなときに基づいてテクスチャが変化するように ARC を変更しました。$(li)ベース鉱石から原材料がドロップするため、一部のレシピのバランスを調整しました。$(li)銅鉱石の処理を追加しました。$(li)ハーベスト ムーンの刈り取りにグロウベリーとベリー ブッシュの処理を追加しました。"
    },
    {
      "type": "patchouli:text",
      "text": "既知の問題:$(li)ゲーム内ガイドは、主に Blood Altar のクラフトなどの MOD レシピを表示するときに、いくつかの場所で壊れています。$(li)Life Essence ブロックは、液体に浸すと適切なオーバーレイが得られません。"
    },
    {
      "type": "patchouli:text",
      "title": "3.1.11",
      "text": "$(li)ポーションフラスコシステムを作り直して実装しました!以前のバージョンとはかなり異なるため、必ずガイドを確認してください。$(li)新しい (および古い) 非バニラ ポーションの効果は次のとおりです:$(li2)バウンス$(li2)重力$(li2)接地$(li2)一時停止$(li2)ヘビー ハート$(li2)パッシブ"
    },
    {
      "type": "patchouli:text",
      "text": "$(li2)Spectral Sight$(li2)Hard Cloak$(li2)Obsidian Cloak$(li2)Flight$(li)Reverence of the Condor 儀式のサーバークラッシュを修正しました。$(li)テレポーザーを再実装しました。万歳！$(li)テレポジション シジルを再実装しました。$(li)Sigil of Suppression を再実装しました。$(li)デーモンパイロンを再実装しました。"
    },
    {
      "type": "patchouli:text",
      "text": "$(li)悪魔の意志クラスターに適用して成長率を劇的に高めることができる意志触媒を追加しました。$(li)作成操作で Aspected Will を使用できるように Hellfire Forge を変更しました。$(li)空中で左クリックすることで儀式リストを逆方向に循環できるように Ritual Diviner を修正しました。$(li)新しい項目「基本ルーティング ロジック アップグレード」を追加しました。これにより、マスター ルーティング ノードのシステムの合計スループットが向上します。"
    },
    {
      "type": "patchouli:text",
      "text": "$(li)いくつかの儀式を再実装しました:$(li2)木こりの衝突$(li2)新月の夜明け$(li2)満腹の胃の儀式$(li2)スピードの儀式$(li2)ハイジャンプの儀式$(li2)フィラーの敷設$(li2)ダムドの招集 (作り直された)$(li2)The Sinner's Burden (名前変更)「グラウンディングの儀式」より）"
    },
    {
      "type": "patchouli:text",
      "text": "$(li2)落下する塔のマーク (新しい流星システム! おお、キラキラ～!)$(li)新しい儀式、虚空の欠伸を追加しました。広い領域のブロックを完全にクリアするために使用されます。$(li)フレームパーツのレシピを調整して安くしました。"
    },
    {
      "type": "patchouli:text",
      "title": "3.1.10-32",
      "text": "$(li)「Brilliance」リビングアップグレードのレシピを修正しました。"
    },
    {
      "type": "patchouli:text",
      "title": "3.1.10",
      "text": "$(li)特定のタイプのレシピをロードできないというサーバー側の問題を修正しました。"
    },
    {
      "type": "patchouli:text",
      "title": "3.1.9",
      "text": "$(li)いくつかのリビングアーマーのダウングレードに欠落していたレシピを追加しました。$(li2)はい、確かにウェイは盲目です。"
    },
    {
      "type": "patchouli:text",
      "title": "3.1.8",
      "text": "$(li)パチョリを必須ライブラリにしました。$(li)鉛の魂の苦行の儀式を再実装しました。以前とは動作が若干異なります。$(li)以下のリビング アーマーのダウングレードを再実装しました:$(li2)ストーム トルーパー$(li2)戦いに飢えた$(li2)焼き入れ$(li2)鈍い刃$(li2)弱体化したピック$(li2)病気になった"
    },
    {
      "type": "patchouli:text",
      "text": "$(li2)不自由な腕$(li2)足を引きずった$(li)修理を再実装$(li)次のリビング アーマーのアップグレード/ダウングレードを追加しました:$(li2)輝き (リビング アーマーの装甲と靭性の値を増加)$(li2)コンクリート シューズ (水泳速度を低下)$(li)成形チャージの硬度を減少しました。"
    },
    {
      "type": "patchouli:text",
      "text": "既知の問題: 特定の条件下で、Living Armor チェストピースのサーバーとクライアントの間で同期が解除されます。プレイヤーのチェストピース スロットからアイテムが Shift キーを押しながらクリックされたときに発生します。シフトせずにクリックした場合は発生しません。$(li)クライアントのインベントリにゴースト アイテムが表示されるだけです。それ以外の場合は防具の性能には影響しません。"
    },
    {
      "type": "patchouli:text",
      "title": "3.1.7",
      "text": "$(li)Living Armour での別のクラッシュを修正しました。もしかしたら今回は当たったかも！"
    },
    {
      "type": "patchouli:text",
      "title": "3.1.6",
      "text": "$(li)タウ植物の範囲を植物を中心とした 3x1x3 に拡大し、飽和バージョンの栽培を容易にしました。$(li)特定の条件下でのリビングアーマーのクラッシュを修正しました。$(li)墓石のMODや死亡時に発生するその他の効果を尊重するように犠牲ナイフを修正しました。$(li)同様に死イベントを尊重するように犠牲のダガーを修正しました。"
    },
    {
      "type": "patchouli:text",
      "title": "3.1.5",
      "text": "$(li)サーバー上での Alchemy Table のクライアント側のクラッシュを修正します。$(li)Water Sigil がネザーでは機能しないようにしました (使用すると LP が消費されます)。"
    },
    {
      "type": "patchouli:text",
      "title": "3.1.4",
      "text": "$(li)$(l:bloodmagic:alchemy_array/living_equipment/living_basics)Living Armour$() から最大レベルのアップグレードを削除するときのバグを修正しました。$(li)$(item)アイテムの filter$() カウントによるクライアントとサーバーの非同期を修正しました。$(li)$(item)ツール$() の$(l:bloodmagic:alchemy_table/anointments)anointment$() がなくなったときの音声および視覚的な表示を追加しました。$(li)$(l:bloodmagic:alchemy_table/alchemy_table#errors)Alchemy Table GUI$() に、十分な LP がない場合、または Orb がバインドされていない/間違った Tier である場合を示す警告フラグが含まれました。"
    },
    {
      "type": "patchouli:text",
      "text": "$(li)$(l:bloodmagic:alchemy_array/living_equipment/armor_upgrades/elytra)エリトラ リビング アーマーのアップグレードを追加しました$()!エリトラは付属しません。$(li)$(l:bloodmagic:alchemy_array/living_equipment/living_basics)リビング アーマー$() 用の$(l:bloodmagic:alchemy_array/living_equipment/training_bracelet)トレーニング ブレスレット$() を追加しました。これで、必要なアップグレードをトレーニングできるようになりました。$(li)$(l:bloodmagic:alchemy_array/living_equipment/living_basics)Living Armour$() の耐久性をダイヤモンド レベルに増加しましたが、チェストピース以外のすべてのピースが壊れるようになりました。"
    },
    {
      "type": "patchouli:text",
      "title": "3.1.3",
      "text": "$(li)$(l:bloodmagic:utility/alchemical_reaction_chamber)Alchemical Reaction Chamber$() は、Unbreaking を持つツールの耐久性の消費が少なくなります。耐久力は$(br)(1/(unbreakingLevel+1)) の確率で消費されます。$(li)ARC の流体機能を修正しました。$(li)$(item)Filters$() のテキストボックスが数字のみを受け入れられるようにしました。また、「Delete」キーを使用してテキスト フィールドから値を削除できるようになりました。"
    },
    {
      "type": "patchouli:text",
      "title": "3.1.2",
      "text": "$(li)$(l:bloodmagic:demon_will/item_routing/routing_nodes)ルーティング ノード$() を再実装しました!$(li)特定のアイテムに対する Curios のサポートを追加しました$(li)それぞれの印章を使用した水と溶岩のバケツのレシピを追加しました (錬金術テーブル内の印章の他のいくつかの使用法も同様に)$(li)$(l:bloodmagic:alchemy_array/living_equipment/armor_upgrades/gift_of_ignis)Gift of Ignis$() が火をつけていないときにクールダウンを下げない問題を修正しました。"
    },
    {
      "type": "patchouli:text",
      "text": "$(li)$(l:bloodmagic:alchemy_array/sigil/divination)Divination Sigil$() と$(l:bloodmagic:alchemy_array/sigil/seer)Seer Sigil's$() HUD 要素が、オフハンドと$(l:bloodmagic:alchemy_array/sigil/holding)Sigil of Holding$() の両方で機能するようになりました。また、$(l:bloodmagic:demon_will/will_manipulation/aura_gauge)デーモン オーラ ゲージ$() をオフハンドで使用できるようにします (なぜオフハンドに持つのかはわかりません)。$(li)構成を追加しました。わーい！$(li)儀式「$(l:bloodmagic:rituals/ritual_list/ritual_zephyr)Call of the Zephyr$()」を追加しました。"
    },
    {
      "type": "patchouli:text",
      "title": "3.1.1-16",
      "text": "$(li)$(l:bloodmagic:demon_will/demonic_items/throwing_daggers)Throwing Daggers$() が適切なタイプとして機能するように修正されました。$(li)$(l:bloodmagic:alchemy_array/sigil/magnetism)Sigil of Magnetism の $() 範囲がプレイヤーの中心になるように修正されました。$(li)$(l:bloodmagic:alchemy_array/living_equipment/living_upgrades)Living Armor upgrade$() 'Tough' を修正し、入手可能になりました。今度は、実際の原因で怪我をする可能性があります。$(li)$(l:bloodmagic:rituals/ritual_list/ritual_armour_evolve)Ritual of Living Evolution$() による NPE クラッシュを修正しました。プレイヤーが新たに作成した装備を装備するとクラッシュが発生しました"
    },
    {
      "type": "patchouli:text",
      "text": "$(br)発動された儀式中にセットされたリビングアーマー。$(li)$(l:bloodmagic:demon_will/will_manipulation/aura_gauge)Demon Will Aura Gauge のレシピを追加しました。$()$(li)$(l:bloodmagic:alchemy_array/living_equipment/living_tomes)Living Upgrade Tomes$() の動作を変更しました:$(li2)$(item)Tomes$() は、現在または$(item)Tome$() レベルに関係なく、含まれている$(thing)EXP$() (レベルではありません) を適用しようとします。$(li2)$(item)Tome$() の$(thing)EXP$() が$(l:bloodmagic:alchemy_array/living_equipment/living_basics)Living Armour の $() ポイント キャップを超える場合、$(thing)EXP$() は、代わりに、当該$(thing)Living Upgrade$() の最大値から 1 を引いた値に加算されます。"
    },
    {
      "type": "patchouli:text",
      "text": "$(li2)$(thing)EXP$() は$(item)Living Armour$() に適用され、$(item)Tome$() から吸い出され、残りの$(thing)EXP$() は失われません。$(li2)$(item)Living Upgrade Tome$() に残っている$(thing)EXP$() が、それぞれのアップグレードの少なくとも 1 レベルに必要な量を下回る場合、$(item)Tome$() は破棄されます。$(li)水浸しのブロックは香祭壇の「水」としてカウントされるようになりました。$(li)$(l:bloodmagic:altar/blood_rune/aug_capacity_rune)拡張能力のルーン$() は以前の式を使用します (本は再び正確です)。"
    },
    {
      "type": "patchouli:text",
      "text": "$(li)$(l:bloodmagic:utility/alchemical_reaction_chamber)Alchemical Reaction Chamber$() の複製の不具合を修正しました。"
    },
    {
      "type": "patchouli:text",
      "title": "3.1.0-15",
      "text": "$(li)MOD の進行状況を大幅にリファクタリングしました。$(l:bloodmagic:demon_will/will_manipulation/soul_snare)Snare$() から始める代わりに、$(l:bloodmagic:altar/blood_altar)Blood Altar$() を作成することから始めます。変更点はガイドに文書化されており、その$(l:bloodmagic:utility/getting_started)Getting Started$() エントリに従うことができます。$(li)ツールチップが灰色になるように変更され、アイテムの名前と区別しやすくなりました。"
    },
    {
      "type": "patchouli:text",
      "text": "$(li)Holding$() の$(l:bloodmagic:alchemy_array/holding)Sigil を追加しました。$(li)$(l:bloodmagic:demon_will/will_manipulation/soul_gem)Tartaric Gems$() の作成を変更し、ジェム スロットで前の層のジェムを使用する必要がなくなりました。$(li2)$(l:bloodmagic:demon_will/will_manipulation/soul_forge)He​​llfire Forge$() は、最初に作成テーブル内の宝石から吸い上げられ、消費された宝石からの未使用の意志はすべて、作成された宝石に配置されます。"
    },
    {
      "type": "patchouli:text",
      "text": "$(li)$(l:bloodmagic:alchemy_table/alchemy_table)Alchemy Table$() の GUI を変更しました。更新されたセクションを参照してください。$(li)$(l:bloodmagic:alchemy_table/anointments/looting_anointment)Plunderer の Glint$() が略奪レベルを適切に適用しない問題を修正しました。$(li)$(l:bloodmagic:alchemy_table/anointments/bow_power_anointment)Iron Tip$() による NPE クラッシュも修正されました。Item UsedFinish イベントを使用する MOD が原因で発生するいくつかのクラッシュを修正しました。$(li)$(l:bloodmagic:blood_altar/blood_altar)Blood Altar$() が流体を入力できない問題を修正しました。そろそろ時間だ、ウェイ！"
    },
    {
      "type": "patchouli:text",
      "text": "$(li)新しい$(l:bloodmagic:demon_will/demonic_items/explosive_charges)Explosive Charges.$()$(li2)$(item)Fungal Charge$() を追加しました。これは巨大キノコやネザー マッシュルームに非常に役立ちます。$(li2)$(item)制御された Charge$()。配置されているブロックと一致するブロックのみを破壊します。$(li)いくつかの選択された聖油をチャージに適用する機能を追加しました。一度に 1 つのみをチャージに適用できます。$(li2)$(l:bloodmagic:alchemy_table/anointments/silk_touch_anointment)ソフト コーティング$()$(li2)$(l:bloodmagic:alchemy_table/anointments/fortune_anointment)フォルトゥナ エキス$()"
    },
    {
      "type": "patchouli:text",
      "text": "$(li2)$(l:bloodmagic:alchemy_table/anointments/smelting_anointment)ゆっくりと燃えるオイル$()$(li)$(l:bloodmagic:alchemy_array/living_equipment/living_basics)リビングアーマー$() を修正して、アップグレードの書を使用してポイントキャップを横取りすることができないようにしました。$(li2)$(l:bloodmagic:alchemy_array/living_equipment/armor_upgrades/strong_legs)Strong Legs$() を修正し、プログラム「CrunchyLegs.exe」を実行しなくなりました。その結果、同じレベルでジャンプしても落下ダメージを受けなくなりました。Strong Legs からの直接落下ダメージ軽減を削除しました。"
    },
    {
      "type": "patchouli:text",
      "text": "$(li)2 種類の$(l:bloodmagic:demon_will/demonic_items/throwing_daggers)Throwing Daggers$() を Blood Mage の攻撃キットに追加しました。$(li2)$(item)Iron Throwing Dagger$()$(li2)$(item)Syringe Throwing Dagger$()$(li)素晴らしさに +2 を提供するようにガイドをリファクタリングしました。$()"
    },
    {
      "type": "patchouli:text",
      "title": "3.0.6-11",
      "text": "$(li)$(l:bloodmagic:rituals/ritual_list/ritual_well_of_suffering)Well of Suffering$() を再実装しました。$(li)「$(l:bloodmagic:alchemy_table/anointments)Anointments$()」という新しいアイテムがいくつか追加されました。これらは、シルクタッチ、より高いダメージなど、ツールや武器に一時的なバフを提供するアイテムです。この本の「ユーティリティ」セクションでそれらを調べてください。$(li2)ホーニング オイル$(li2)ソフト コーティング$(li2)フォルトゥナ エキス$(li2)聖水"
    },
    {
      "type": "patchouli:text",
      "text": "$(li2)Miner's Secrets$(li2)Dexterity Alkahest$(li2)Iron Tip$(li2)Plunderer's Glint$(li2)ゆっくりと燃えるオイル$(li)$(l:bloodmagic:demon_will/demonic_items/explosive_charges#shaped_charge)Shaped Charge$() と$(l:bloodmagic:demon_will/demonic_items/explosive_charges#deforester_charge)Deforester Charge$() を投げられるようにしました。"
    },
    {
      "type": "patchouli:text",
      "title": "3.0.5-10",
      "text": "アンロード時の$(l:bloodmagic:altar/blood_altar)Blood Altar$() のクラッシュを修正し、$(item)Clocks$() の代わりに$(item)Coal$() を使用するように$(l:bloodmagic:alchemy_array/functional_arrays/time_arrays)Day array$() のレシピを調整しました。"
    },
    {
      "type": "patchouli:text",
      "title": "3.0.4-9",
      "text": "$(li)2 つの新しい$(l:bloodmagic:demon_will/demonic_items/explosive_charges)爆発物 $() を追加しました:$(li2)$(l:bloodmagic:demon_will/demonic_items/explosive_charges#shaped_charge)Shaped Charge$()。配置すると 5x5x5 の体積を破壊します。$(li2)$(l:bloodmagic:demon_will/demonic_items/explosive_charges#deforester_charge)Deforester Charge$()。最大 128 本の丸太まで木を切り倒すことができます。$(li)(両方の爆発物は影響を受けるすべてのブロックを落としますが、環境や実体にさらなるダメージを与えることはありません。)"
    },
    {
      "type": "patchouli:text",
      "text": "$(li)新しい alchemy 配列を追加しました:$(li2)$(l:bloodmagic:alchemy_array/functional_arrays/time_arrays)現在の昼光サイクルを昼と夜に変更する 2 つの配列$()。レシピは一時的なものです。$(li)次の$(l:bloodmagic:alchemy_array/living_equipment/living_upgrades)Living Armor upgrades$() を修正し、入手できるようにしました:$(li2)経験豊富な$(li2)ボディ ビルダー"
    },
    {
      "type": "patchouli:text",
      "title": "3.0.3-8",
      "text": "$(li)$(item)Sanguine Scientiem$() を更新しました - 非常によく書かれています。この本を私ができる以上に良くするために長時間かけて努力してくれた$(fire)VT-14$() と$(raw)Wrincewind$() の両方に特に感謝します。$(li)エンチャント直後に作成して着用した場合の$(l:bloodmagic:alchemy_array/living_equipment/living_basics)Living Armour$() のクラッシュを修正しました。"
    },
    {
      "type": "patchouli:text",
      "title": "3.0.2-7",
      "text": "$(l:bloodmagic:alchemy_array/living_equipment/living_basics)Living Armour$() を追加しました。現時点では、いくつかの$(l:bloodmagic:alchemy_array/living_equipment/living_upgrades)アップグレード$() のみが行われ、ダウングレードはありません。$(li)ピンクッション$(li)ソフトフォール$(li)タフ$(li)強い脚 (スニークによるジャンプ時に一時的に無効化できるようになりました)$(li)健康$(li)経験豊富な$(li)チャージストライク$(li)タフな手のひら$(li)素早い足$(li)毒耐性"
    },
    {
      "type": "patchouli:text",
      "text": "$(li)イグニスの贈り物$(li)ドワーフのマイト$(li)ボディビルダー$(br2)次の儀式を再実装しました:$(li)$(l:bloodmagic:rituals/ritual_list/ritual_crystal_split)ファセットクリスタルの共鳴$()$(li)$(l:bloodmagic:rituals/ritual_list/ritual_crystal_harvest)フラクチャドクリスタルの亀裂$()$(li)$(l:bloodmagic:rituals/ritual_list/ritual_harvest)ハーベストムーンの収穫$() (主にバニラ作物)$(li)$(l:bloodmagic:rituals/ritual_list/ritual_animal_growth)羊飼いの儀式$()$(li)$(l:bloodmagic:rituals/ritual_list/ritual_green_grove)緑の木立の儀式$()$(li)$(l:bloodmagic:rituals/ritual_list/ritual_ellipse)楕円体の焦点$()$(li)$(l:bloodmagic:rituals/ritual_list/ritual_upgrade_remove)浄化する魂の音$()"
    },
    {
      "type": "patchouli:text",
      "text": "$(li)$(l:bloodmagic:rituals/ritual_list/ritual_armour_evolve)生命進化の儀式$()"
    },
    {
      "type": "patchouli:text",
      "title": "3.0.1-6",
      "text": "$(li)$(l:bloodmagic:utility/incense_altar)Incense Altar$() をすべての適切なブロックで再実装しました。$(li)$(l:bloodmagic:utility/incense_altar)香の祭壇$() および$(l:bloodmagic:altar/blood_altar)血の祭壇$() のガイド エントリを追加しました。その他の雑記も追加しました。$(li)Green Grove$() の$(l:bloodmagic:alchemy_array/sigil/grove)Sigil でのクライアント上のサーバー関連のクラッシュを修正しました。$(li)$(l:bloodmagic:utility/alchemical_reaction_chamber#ore_processing)鉱石処理 $() を$(item)Ancient Debris.$() に追加しました$(li)他の$(l:bloodmagic:demon_will/demonic_items/sentient_tools)Sentient Tool$() タイプを追加しました (もう 1 つ追加予定)。"
    },
    {
      "type": "patchouli:text",
      "text": "$(li)まだ使用できないいくつかの WIP アイテムを追加しました - これらは D*$)@ D*#@(@* システムの一部であり、Tier 4 用に追加しています。$(li)API を追加しました - まだ流動的であるため、すぐに変更されることを期待してください!$(li)おそらく何か重要なことを忘れています。$(li)サーバーで使用するとクライアントが爆発する原因となっていた$(l:bloodmagic:utility/lava_crystal)Lava Crystal$() のクラッシュを修正しました。いいえ、それは本来の目的ではありませんでした。"
    },
    {
      "type": "patchouli:text",
      "text": "$(li)儀式用の$(l:bloodmagic:rituals/ritual_tinkerer)Ritual Tinkerer$() を追加しました。$(li)「$(l:bloodmagic:utility/book_experience)Tome of Peritia$()」を再度追加しました - EXP を保管します。"
    },
    {
      "type": "patchouli:text",
      "title": "3.0.0-3",
      "text": "$(li)大幅な遅延を引き起こす可能性がある Will ハンドラーの問題を修正しました。$(li)適切に実装されていなかったいくつかのレシピを再実装しました。これらには、$(l:bloodmagic:alchemy_table/alchemy_table)Alchemy Table$() の$(l:bloodmagic:alchemy_table/alchemy_table#cutting_fluid)Cutting Fluid$() レシピが含まれます。おっと！$(li)$(l:bloodmagic:altar/blood_altar#blank_rune)Blank Rune$() のコストを削減し、$(l:bloodmagic:altar/slates)Blank Slates$() の 1 つを$(item)Smooth Stone$() に交換しました。"
    },
    {
      "type": "patchouli:text",
      "title": "3.0.0-1",
      "text": "$(item)Minecraft 1.16.3$() の最初のアップデート!おそらく 1.16.4 でも動作するはずですが、1.16.3 用にビルドされています。$(br2)このリリースは、「初期のアルファ版」と最もよく表現できるものです。多くのシステムが導入され、機能していますが、いくつかの点が著しく欠けています。これは、システムが完全に改良されるか、後日以前の MC バージョンから再実装されるか、あるいは"
    },
    {
      "type": "patchouli:text",
      "text": "別のシステム用のスペースを確保するために追加されることはありません。$(br2)現在、このバージョンの Blood Magic に欠けているものは次のとおりです:$(li)$(l:bloodmagic:alchemy_array/living_equipment/living_basics)Living Armour$()。これは、クライアントサーバーのバグを修正するために完全に書き直す必要があります。$(li)いくつかの儀式。このリリースには儀式が含まれていますが、ほんの一部です。ほとんどの儀式が再度追加されます。$(li)$(l:bloodmagic:utility/incense_altar)香壇$()。近々再実装される予定です。"
    },
    {
      "type": "patchouli:text",
      "text": "$(li)アイテム ルーティング システム。再実装が必要になる可能性がありますか?虫がいると聞いたので、殺虫剤もたくさん必要です。$(li)Tier 5 - 現在、T5 には以前のバージョンからの機能がほとんどないため、アップグレード パスが完全に決定されるまで一時的に無効になっています。多くは明かしませんが、悪魔が関係します。そして *^$%@)$#。$(li)Tier 6 - なぜ人々はまだこれについて質問するのですか?"
    },
    {
      "type": "patchouli:text",
      "text": "その他、特に言及しなかった制度や項目についても。$(br2)現在実験中または微調整中の注目すべき新しいコンテンツ:$(li)$(item)Blood Magic Guide$()!全面的に書き直して現在mod「パチュリー」を使用中です！$(strike)これは、Vazkii$() によるかなりきちんとした MOD です。まだ執筆の初期段階にありますが、今のところは純粋に情報提供することが計画されています。これが私が物語ベースのモッドを一時的にやめている主な理由です。"
    },
    {
      "type": "patchouli:text",
      "text": "ガイドは、MOD 内のすべての新しいシステムと改善されたシステムについてユーザーに伝える何らかの形式のゲーム内ガイドが必要であるということです。そして、包括的な物語を構築すると、そのようなことがゆっくりと進むようになります。$(li)$(l:bloodmagic:utility/alchemical_reaction_chamber)錬金術反応室$()!これは鉱石を処理できる多目的ブロックであり、Tier 4 に到達するために不可欠です。まだバランス調整中のため、これに関するフィードバックは大歓迎です。$(br2)MOD をお楽しみいただければ幸いです。$(br)- ウェイオブタイム"
    }
  ]
}