{
  "name": "階層と開始方法",
  "icon": "bloodmagic:sacrificialdagger",
  "category": "bloodmagic:utility",
  "priority": "true",
  "pages": [
    {
      "type": "patchouli:text",
      "text": "$(blood)Blood Magic 3$() の進行状況はまだ手直し中であり、最初のいくつかのステップは$(blood)Blood Magic 2$() とは大きく異なります。$(br2)私たちはまだガイダンスを再調整中ですが、進行がロックダウンされるまで待っています。それまでの間、$(blood)Blood Magic 3$() の進行方法について簡単に概要を説明します。"
    },
    {
      "type": "patchouli:spotlight",
      "item": "bloodmagic:altar",
      "title": "血の祭壇 (Tier-1)",
      "text": "$(blood)Blood Magic$() の最初のステップは、$(l:bloodmagic:altar/blood_altar)Blood Altar$() と$(l:bloodmagic:altar/blood_altar#knife)Sacrificial Knife$() を構築することです。これらを使用して、自己犠牲から$(blood)LP$() を生成します。$(br2)この$(blood)LP$() を使用して、$(l:bloodmagic:altar/soul_network)ウィークブラッド オーブ$()、いくつかの$(l:bloodmagic:altar/slates)ブランク スレート$()、およびいくつかの$(l:bloodmagic:demon_will/will_manipulation/soul_snare)ソウル スネア$() を作成します。"
    },
    {
      "type": "patchouli:spotlight",
      "item": "bloodmagic:alchemytable",
      "title": "錬金術台 (Tier-1)",
      "text": "$(l:bloodmagic:alchemy_table/alchemy_table)Alchemy Table$() は、プレイヤーの$(thing)Soul Network$() ($(l:bloodmagic:altar/soul_network)にバインドされた Blood Orb$() から引き出された) の$(blood)LP$() を使用して、次のようなさまざまなオブジェクトを作成します。$(li)$(l:bloodmagic:alchemy_array/functional_arrays/arcane_ash)Arcane Ashes$()$(li)$(item)Sigils の試薬$()$(li)$(l:bloodmagic:alchemy_table/anointments)Anointments$()$(li)$(thing)2x Ore Processing$()$(li)およびその他のさまざまな可能性があります。"
    },
    {
      "type": "patchouli:spotlight",
      "item": "bloodmagic:arcaneashes",
      "title": "アルケミーアレイ (Tier-1)",
      "text": "$(thing)Alchemy Array$() は、$(l:bloodmagic:alchemy_array/functional_arrays/arcane_ash)Arcane Ashes$() を地面に置くことによって作成されます。Alchemy Array には、[$(k:use)] 経由で 2 つの$(item)items$() を挿入することができ、$(item)item$() ($(l:bloodmagic:alchemy_array/sigil/divination)Divination Sigil$() など) を作成するか、$(thing)何らかの関数 $() ($(l:bloodmagic:alchemy_array/functional_arrays/time_arrays)が昼を夜に変える $() など) を実行します。"
    },
    {
      "type": "patchouli:spotlight",
      "item": "bloodmagic:soulforge",
      "title": "ヘルファイアフォージ (Tier-1)",
      "text": "$(l:bloodmagic:demon_will/will_manipulation/soul_forge)He​​llfire Forge$() は$(l:bloodmagic:demon_will/will_manipulation/demon_will)Demon Will$() を使用して作成します。最初の$(raw)Will$() は$(l:bloodmagic:demon_will/will_manipulation/soul_snare)Soul Snares$() を使用して入手できますが、$(l:bloodmagic:demon_will/demonic_items/sentient_sword)Sentient Sword$() にアップグレードすることをお勧めします。$(item)He​​llfire Forge$() は、$(raw)Demon Will$() に直接関連するもの ($(l:bloodmagic:demon_will/will_manipulation/soul_gem)Tartaric Gems$() や$(l:bloodmagic:demon_will/demonic_items/sentient_tools)Sentient Tools$() など)、および消耗品 ($(l:bloodmagic:demon_will/demonic_items/explosive_charges)Explosive Charges$() や$(l:bloodmagic:demon_will/demonic_items/throwing_daggers)Throwing Daggers$() など) に使用されます。"
    },
    {
      "type": "patchouli:spotlight",
      "item": "bloodmagic:daggerofsacrifice",
      "title": "ティア 2",
      "text": "この時点で、暴徒を屠ってさらに$(blood)LP$() を得るために、$(l:bloodmagic:altar/blood_altar#dagger_of_sacrifice)Dagger of Sacrifice$() を作成できるようになります。さまざまな$(item)アップグレード ルーン $() が$(item)ブラッド アルター $() で利用できるようになり、さらにいくつかの$(item)シギル $() が利用できるようになります。前と同様に、$(l:bloodmagic:altar/blood_altar)Altar$() をさらにアップグレードすることに集中する必要があります。"
    },
    {
      "type": "patchouli:spotlight",
      "item": "bloodmagic:alchemy_flask",
      "title": "ポーションクラフト (Tier-2)",
      "text": "$(l:bloodmagic:altar/blood_altar)Altar$() を構築するのが面倒になり、気を紛らわす必要があると感じたら、新しく利用可能になった$(l:bloodmagic:alchemy_table/potions)Potioncrafting$() システムを試してみてはいかがでしょうか。$(thing)Alchemy Flasks$() を作成し、文字通り数十の効果を吹き込むことができます。"
    },
    {
      "type": "patchouli:spotlight",
      "item": "bloodmagic:ritualdiviner",
      "title": "ティア 3",
      "text": "この時点で、基本的な$(l:bloodmagic:rituals/ritual_basics)Rituals$() と$(l:bloodmagic:alchemy_array/living_equipment/living_basics)Living Armour$() も作成できるようになります。この鎧は非常に多用途ですが、その可能性を最大限に引き出すには一生懸命働く必要があります。この時点で、より強力な$(thing)Rituals$() のロックを解除するには、$(l:bloodmagic:altar/blood_altar)Altar$() と$(l:bloodmagic:rituals/ritual_diviner)Ritual Diviner$() のアップグレードを検討する必要があります。どうやって言うのですか？"
    },
    {
      "type": "patchouli:spotlight",
      "item": "bloodmagic:simplekey",
      "title": "ダンジョンニアリング (Tier-3)",
      "text": "$(l:bloodmagic:rituals/ritual_list/ritual_simple_dungeon)Edge of the Hidden Realm$() を実行すると、そのようになります。これにより、$(thing)Demon Realm$() へのアクセスが制限され、できれば$(l:bloodmagic:dungeons/tau_fruit)Tau Fruit$() へのアクセスも制限されます。これは$(thing)Saturated Tau$() に培養され、$(l:bloodmagic:utility/alchemical_reaction_chamber)Alchemical Reaction Chamber$() で$(item)Weak Blood Shards$() に変換できます。これらは、Tier IV の祭壇、より強力な$(l:bloodmagic:alchemy_table/anointments)Anointments$()、および$(l:bloodmagic:alchemy_table/potions#average_potions)Potion Catalysts$() を作成するために使用できます。"
    },
    {
      "type": "patchouli:spotlight",
      "item": "bloodmagic:vengefulcrystal",
      "title": "ティア4",
      "text": "$(l:bloodmagic:rituals/ritual_tinkerer)Ritual Tinkerer$() とさまざまな種類の$(l:bloodmagic:demon_will/will_manipulation/aspected_will)Will Aspects$() を調べて、既存の儀式を改良し、$(l:bloodmagic:demon_will/demonic_items/sentient_tools)Sentient Tools$() と$(l:bloodmagic:demon_will/demonic_items/sentient_sword)Weapons$() の動作を変更するためにそれらをどのように使用できるかを検討するとよいでしょう。ただし、この時点を超えて進むには、$(l:bloodmagic:rituals/ritual_list/ritual_standard_dungeon)Demon Realm$() を詳しく調べる必要があります..."
    },
    {
      "type": "patchouli:spotlight",
      "item": "bloodmagic:mineentrancekey",
      "title": "魔界 (Tier-4)",
      "text": "$(thing)Pathway to the Endless Realm$() を実行すると、$(thing)Demon Realm$() とそのすべての宝物と恐怖にアクセスできるようになります。戦いに備えて装備を整えていきましょう！深く掘り下げると、$(l:bloodmagic:dungeons/demonite)デーモン鉱石 $() の豊富なソースが見つかる可能性があります。これは、ブロック形式に結合して、$(item)アークメイジのブラッド オーブ $() とともに祭壇の冠石として使用できます。"
    },
    {
      "type": "patchouli:spotlight",
      "item": "bloodmagic:ingot_hellforged",
      "title": "ティア5",
      "text": "これが最上位層です。この時点で、$(blood)Blood Magic$() が提供するすべての機能にアクセスできるようになります。レアな宝物を探すためにデーモン レルムの探索を続ければ、運が良ければ$(item)複雑な地獄鍛造パーツ$() を見つけることができるかもしれません。これをいくつかの$(item)ネザライト スクラップ$() と一緒に使用すると、祭壇の各ルーンの力を 2 倍にすることができます。"
    },
    {
      "type": "patchouli:spotlight",
      "item": "minecraft:barrier",
      "title": "ティア6？",
      "text": "何？いいえ、1.12 の時点でも、これはパック メーカーへの便宜としてのみ存在し、それ以外の点では実装されていませんでした。遠くまで来てしまった。1 ページ前に戻ります。"
    }
  ]
}