{
  "name": "香壇",
  "icon": "bloodmagic:incensealtar",
  "category": "bloodmagic:utility",
  "pages": [
    {
      "type": "patchouli:text",
      "text": "$(item)香の祭壇$() は、$(l:bloodmagic:altar/blood_altar)血の祭壇$() での自己犠牲を高めるために使用できるマルチブロック構造です。設置場所の近くに立つと、$(item)香壇$() がそのエリアの合計$(thing)Tranquility$() に基づいて魂を落ち着かせ、$(blood)LP$() の獲得量を大幅に増やすことができます。"
    },
    {
      "type": "patchouli:crafting",
      "recipe": "bloodmagic:incense_altar"
    },
    {
      "type": "patchouli:text",
      "text": "$(item)香祭壇$() の基本的な階層 1 セットアップは祭壇そのものです。それを任意の場所に置き（3x3 ブロックのプラットフォームをセットアップすると、後で役立ちます）、祭壇から半径 5 ブロック以内に留まります。$(br2)祭壇が動作している間、祭壇の上部から炎の粒子が放出され、$(l:bloodmagic:altar/blood_altar#knife)犠牲ナイフ$() が変形します。ナイフが光り始めたら、$(l:bloodmagic:altar/blood_altar)Blood Altar$() の近くで右クリックを押したまま放します。健康の90％を一度に犠牲にすることになります。"
    },
    {
      "type": "patchouli:image",
      "images": [
        "bloodmagic:images/entries/utility/incense_altar1.png"
      ],
      "title": "基本的なセットアップ",
      "border": true,
      "text": "パス ブロックの前に 3x3 の正方形のブロックを示す基本セットアップ。"
    },
    {
      "type": "patchouli:text",
      "text": "さらに、エリアの合計$(thing)Tranquility$() に基づいて、$(l:bloodmagic:altar/blood_altar)Blood Altar$() に追加された$(blood)LP$() へのボーナスを受け取ります。$(l:bloodmagic:alchemy_array/sigil/divination)占い印章$(/l)または$(l:bloodmagic:alchemy_array/sigil/seer)予言者印章 $() のいずれかを使用して$(item)香祭壇 $() の上にマウスを置くと、セットアップの合計$(thing)Tranquility$() (上の数字) と犠牲を払ったときに受け取ったボーナスの割合 (下の数字) が表示されます。生贄に捧げる場合、通常取得する$(blood)LP$() に (1 + ボーナス / 100) を掛けます。"
    },
    {
      "type": "patchouli:image",
      "images": [
        "bloodmagic:images/entries/utility/incense_altar2.png"
      ],
      "title": "お香HUD",
      "border": true,
      "text": "お香 HUD、デフォルトで左上隅にあり、+20% の自己犠牲ボーナスを示します。"
    },
    {
      "type": "patchouli:text",
      "text": "「でも、どうすればこのボーナスを増やせるでしょうか？」周囲の地域の$(thing)Tranquility$() を増やすことで、なぜでしょう!……ちょっと曖昧かもしれません。$(br2)エリアの$(thing)静けさ $() を高めるには、$(item)香壇 $() から続く道を配置する必要があります。これらのパスは、$(item)Wood Path$() など、3x3 セットのソリッド参照ブロックから 4 つの基本方向すべてに広がる 3 つの幅広い$(item)Path$() ブロック セットから構築する必要があります。"
    },
    {
      "type": "patchouli:crafting",
      "recipe": "bloodmagic:path/path_wood",
      "recipe2": "bloodmagic:path/path_woodtile"
    },
    {
      "type": "patchouli:crafting",
      "recipe": "bloodmagic:path/path_stone",
      "recipe2": "bloodmagic:path/path_stonetile"
    },
    {
      "type": "patchouli:crafting",
      "recipe": "bloodmagic:path/path_wornstone",
      "recipe2": "bloodmagic:path/path_wornstonetile"
    },
    {
      "type": "patchouli:crafting",
      "recipe": "bloodmagic:path/path_obsidian",
      "recipe2": "bloodmagic:path/path_obsidiantile"
    },
    {
      "type": "patchouli:text",
      "text": "パス ブロックの新しい「リング」はそれぞれ、次の一連のルールに従います。$(li)同じリング上のすべてのパス ブロックは、同じ y レベルになければなりません。$(li)パス ブロックの次のリングは、前のリングより 5 ブロックを超えてはなりません。$(li)同じレベルにあるブロック、またはパス ブロックのリングより 2 ブロック上までのブロックは、合計$(thing)Tranquility$() にカウントされます。これらは、図内のガラス ブロックで示されています。"
    },
    {
      "type": "patchouli:image",
      "images": [
        "bloodmagic:images/entries/utility/incense_altar.png"
      ],
      "title": "香壇",
      "border": true,
      "text": "パスの方向が異なる香祭壇。"
    },
    {
      "type": "patchouli:text",
      "text": "さらに:$(li)各タイプの道ブロックの有効性は、一定の距離だけ持続します。木の道は中心から 3 つの環までしか進むことができません、石の道は最大 5 つの環まで、摩耗した石の道は 7 つの環まで、そして黒曜石の道は 9 つの環までしか進むことができません。$(bn2)明らかに、すべてのタイプのブロックが$(thing)Tranquility$() にカウントされるわけではありません。古い石畳だけでいいわけではありません。作物、土、さらには...溶岩も必要ですか？"
    },
    {
      "type": "patchouli:text",
      "text": "$(thing)Tranquility$() の合計にカウントされるブロック カテゴリは複数あります。順不同で、植物、作物、木、土、水、火、溶岩です。$(item)Incense Altar$() は、(パス ブロックによって設定された) 範囲内にあるすべてのブロックを調べ、各タイプの合計$(thing)Tranquility$() がどれだけあるかを表にします。完了すると、各タイプの$(thing)Tranquility$() を平方根して加算することにより、合計$(thing)Tranquility$() が計算されます。"
    },
    {
      "type": "patchouli:text",
      "text": "これは、後のゲームのセットアップでは、さまざまなタイプの$(thing)Tranquility$() を用意するのが最善であることを意味します。他の MOD が独自の MOD を追加する可能性があり、今後さらに追加される可能性がありますが、$(thing)Tranquility$() に寄与するブロックは次のとおりです: 溶岩、水 (ほとんどの浸水ブロックを含む)、ライフ エッセンス、ネザーラック、土、農地、ジャガイモ、ニンジン、小麦、ネザー ワート、ビートの根、葉、丸太、火、草。"
    },
    {
      "type": "patchouli:image",
      "images": [
        "bloodmagic:images/entries/utility/incense_altar3.png"
      ],
      "title": "香壇のセットアップ",
      "border": true,
      "text": "さまざまなレベルを備えたゲーム後半の香の祭壇のセットアップ。"
    },
    {
      "type": "patchouli:text",
      "text": "もちろん、セットアップは必要に応じて急勾配にしたり浅くしたりすることができます (このエントリで前に定義したように、合理的な範囲内です)。$(br2)$(thing)Tranquility ボーナス$() は、祭壇のサイズ (したがって、使用しているパスの層) によって制限されることに注意することが重要です。上限は次のとおりです:$(li)パスなし: 20%。$(li)木道: 60%。$(li)石の道: 120%。$(li)磨耗した石の道: 200%。$(li)黒曜石の道: 300%。"
    },
    {
      "type": "patchouli:image",
      "images": [
        "bloodmagic:images/entries/utility/incense_altar4.png"
      ],
      "title": "香壇のセットアップ",
      "border": true,
      "text": "非常にシンプルな$(item)香壇$() セットアップ。(オプションで) 異なるパス ブロックが混在していることに注意してください。"
    }
  ]
}