{
  "name": "溶岩の結晶",
  "icon": "bloodmagic:lavacrystal",
  "category": "bloodmagic:utility",
  "pages": [
    {
      "type": "patchouli:text",
      "text": "$(item)溶岩結晶$() は大きな熱の源です。作成に使用された$(fire)lava$() と$(l:bloodmagic:altar/soul_network)Soul Network$() の力の間に、あなたはそれが決して冷めないという自信を持っています。$(br2)世界中のブロックを見ながら [$(k:use)] を押すと、100 LP のコストでブロックが点火されます。"
    },
    {
      "type": "patchouli:crafting",
      "recipe": "bloodmagic:lava_crystal",
      "text": "$(br)さらに、$(item)炉$() の燃料スロットに配置すると、終わりのない$(thing)燃料源 $() として機能し、10 秒間燃焼するのに 50LP を消費します。つまり、1 つのアイテムを調理するのに十分な時間です。"
    }
  ]
}