{
  "name": "命のバケツ",
  "icon": "bloodmagic:life_essence_bucket",
  "category": "bloodmagic:utility",
  "pages": [
    {
      "type": "patchouli:text",
      "text": "$(blood)ライフ エッセンス$() は、$(l:bloodmagic:altar/blood_altar)血の祭壇$() では問題なく、クラフトに使用したり、__​​TAG2__ Orb$() に注ぎ込んで$(thing)Rituals$() を強化したりすることができます。しかし、$(l:bloodmagic:utility/incense_altar)の香の祭壇 $() の周りに物で堀を築きたい場合はどうすればよいでしょうか?幸いなことに、$(blood)Life Essence$() の抽出は比較的簡単です。$(item)Bucket$() を$(l:bloodmagic:altar/blood_altar)Blood Altar$() に置き、いっぱいになるまで数秒待ちます。$(blood)1 LP$()=1mb なので、$(item)Bucket$() には$(blood)1,000 LP$() で十分です。"
    },
    {
      "type": "bloodmagic:crafting_altar",
      "heading": "Bucket of Life",
      "recipe": "bloodmagic:altar/bucket_life",
      "text": "$(italic)それは決して血ではありません。もう血液は凝固しているだろう。$(br2)... どうしてそんな目で私を見るのですか?$()"
    }
  ]
}