{
  "name": "まだ実装されていません",
  "icon": "minecraft:barrier",
  "category": "bloodmagic:utility",
  "extra_recipe_mappings": {
    "bloodmagic:lightritualstone": 0,
    "bloodmagic:mimic": 0,
    "bloodmagic:ethereal_mimic": 0,
    "bloodmagic:etherealslate": 0,
    "bloodmagic:nether_soil": 0,
    "bloodmagic:growing_doubt": 0,
    "bloodmagic:doubt_bucket": 0,
    "bloodmagic:activationcrystalawakened": 0,
    "bloodmagic:will_power_anointment": 0
  },
  "pages": [
    {
      "type": "patchouli:text",
      "text": "わかりました。ここで第四の壁を突破。$(blood)Blood Magic$() は機能が完全に完成しているわけではなく、以前のバージョンで覚えているいくつかの機能はまだ実装されていません。これらのうちのいくつかは将来戻ってくるかもしれませんが、他のものは終わって埃を払っています。(あなたを見て、縛られた鎧と武器...)"
    },
    {
      "type": "patchouli:text",
      "text": "$(li)秘儀灰の儀式。これらのうちのいくつかはすぐに戻ってくる予定です(tm)。今のところは様子を見てください。$(li)束縛の儀式。これは 1.7.10 で廃止されました。質問するのはやめてください。$(li)不完全な儀式 (ラピスなど) - これらの一部は Arcane Ash Arrays として実装されています。$(li)凍った湖の印章。$(li)弾力性の印章。$(li)属性親和性の印章。$(li)爪の印章。$(li)阻止の儀式。$(li)封じ込めの儀式。$(li)ル・ヴルカーノ・フリギウス。"
    },
    {
      "type": "patchouli:text",
      "text": "$(li)鎮圧の儀式。$(li)儀式の解体者。$(li)儀式の占い師（夜明け）。$(li)偉大な酒石の宝石。$(li)スペクトル武器とツール。$(li)転置シジル。$(li)エンダー切断の印章。$(li)圧縮の印章。$(li)ファントムブリッジの印章。$(li)主祭壇の組み立て。$(li)永遠の魂の叫び。$(li)サイフォニングの賛歌。"
    },
    {
      "type": "patchouli:text",
      "text": "$(li)フォールドの門。$(li)羽毛のある地球の儀式。$(li)追放の儀式。$(li)覚醒した活性化クリスタル。"
    },
    {
      "type": "patchouli:text",
      "text": "MOD の開発が進むにつれて、他のものも表示されたり消えたりする可能性があります。$(br2)詳細については、次を確認してください:$(li)$(l:https://github.com/WayofTime/BloodMagic)Blood Magic Github$()、$(li)$(l:https://www.curseforge.com/minecraft/mc-mods/blood-magic)Blood Magic Curseforge Page$()、$(li)および$(l:https://discord.gg/VtNrGrs)Blood Magic Discord$()。"
    },
    {
      "type": "patchouli:text",
      "text": "このマニュアルは Wrincewind と VT-14 によってまとめられ、Way のオリジナル マニュアルを基に、Patchouli と MinecraftGuides.net の協力を得て作成されました。遊んでいただきありがとうございます！:)"
    }
  ]
}