{
  "name": "鉱石処理",
  "icon": "bloodmagic:basiccuttingfluid",
  "category": "bloodmagic:utility",
  "extra_recipe_mappings": {
    "bloodmagic:copperfragment": 7,
    "bloodmagic:goldfragment": 7,
    "bloodmagic:fragment_netherite_scrap": 7,
    "bloodmagic:coppergravel": 9,
    "bloodmagic:goldgravel": 9,
    "bloodmagic:gravel_netherite_scrap": 9,
    "bloodmagic:coppersand": 7,
    "bloodmagic:sand_netherite": 7
  },
  "pages": [
    {
      "type": "patchouli:text",
      "text": "$(l:bloodmagic:alchemy_table/alchemy_table)Alchemy Table$() は鉱石の倍増に特に使用でき、$(l:bloodmagic:utility/alchemical_reaction_chamber)Alchemical Reaction Chamber$() は$(item)Raw Ore$() ごとに 2.5 インゴット、または$(item)Ore Block$() ごとに 4.5 インゴットを提供します。血の力を使って、採掘遠征からより多くの鉱石を取り出しましょう。"
    },
    {
      "type": "bloodmagic:crafting_alchemy_table",
      "heading": "Basic Cutting Fluid",
      "anchor": "cutting_fluid",
      "recipe": "bloodmagic:alchemytable/basic_cutting_fluid_sigil",
      "text": "$(item)Cutting Fluid$() は、あらゆる形式の鉱石処理における最後から 2 番目のステップです。$(l:bloodmagic:utility/alchemical_reaction_chamber)錬金術反応チャンバー$(/l)で使用すると、1 つの鉱石ブロックから 3 個の砂鉱石、または 1 つの未加工鉱石から 1.5 個の砂鉱石を得ることができます (平均)。このデモでは$(l:bloodmagic:alchemy_array/sigil/water)Water Sigil$() が使用されていますが、単純な$(water)Bottle of Water$() を使用することもできます。"
    },
    {
      "type": "bloodmagic:crafting_alchemy_table",
      "heading": "Intermediate Cutting Fluid",
      "anchor": "intermediate_cutting_fluid",
      "recipe": "bloodmagic:alchemytable/intermediate_cutting_fluid_sigil",
      "text": "中間切削液は改良版で、持続時間が 8 倍になり、製作速度が 50% 向上します。ただし、$(l:bloodmagic:dungeons/tau_fruit)タウ オイル$() を得るには、$(l:bloodmagic:dungeons/lobby)ダンジョン探索$() に行く必要があります。"
    },
    {
      "type": "bloodmagic:crafting_alchemy_table",
      "heading": "Advanced Cutting Fluid",
      "anchor": "advanced_cutting_fluid",
      "recipe": "bloodmagic:alchemytable/advance_cutting_fluid_sigil",
      "text": "Advanced Cutting Fluid の持続時間は 16 倍、作成速度は 2 倍、使用されているレシピからボーナス出力を獲得できるチャンスも 2 倍になります。必要な$(l:bloodmagic:dungeons/demonite)He​​llforged Sand$() を得るには、深く$(l:bloodmagic:dungeons/endless_realm)Dungeon Delving$() を実行する必要があります。"
    },
    {
      "type": "bloodmagic:2x_crafting_alchemy_table",
      "a.heading": "Iron Sand",
      "a.recipe": "bloodmagic:alchemytable/sand_iron",
      "b.heading": "Gold Sand",
      "b.recipe": "bloodmagic:alchemytable/sand_gold"
    },
    {
      "type": "bloodmagic:crafting_arc",
      "heading": "Ore to 3 Metal Sand",
      "recipe": "bloodmagic:arc/dustsfrom_ore_iron",
      "text": "$(l:bloodmagic:utility/alchemical_reaction_chamber)錬金術反応チャンバー$(/l)にアクセスできるようになると、採掘するすべての鉱石から 3 つの砂を入手できます。"
    },
    {
      "type": "patchouli:smelting",
      "recipe": "bloodmagic:smelting/ingot_iron",
      "recipe2": "bloodmagic:smelting/ingot_gold"
    },
    {
      "type": "bloodmagic:crafting_alchemy_table",
      "heading": "Explosive Powder",
      "anchor": "ore_processing",
      "recipe": "bloodmagic:alchemytable/explosive_powder",
      "text": "$(item)ARC$() の$(item)Explosive Powder$() は、$(item)Ores$() を平均 4.5 個の$(item)Ore Fragments$() に、$(item)Raw Ores$() を平均 2.25 個の鉱石に、または$(item)Ingots$() を$(item)Sand$() バリアントに変えるために使用されます。また、$(fire)Netherrack$() を$(air)Sulphur$() と 50mb の$(fire)Lava$() に変えることもできます。改良された 2 つのバリアント (オーバーリーフ) があります。"
    },
    {
      "type": "bloodmagic:2x_crafting_alchemy_table",
      "a.heading": "Reinforced Explosive Cell",
      "a.recipe": "bloodmagic:alchemytable/explosive_cell",
      "b.heading": "Hellforged Explosive Cell",
      "b.recipe": "bloodmagic:alchemytable/hellforged_explosive_cell",
      "text": "強化および Hellforged 爆発セルは、基本的なバリアントよりも長く持続し、より速く作成できます。"
    },
    {
      "type": "bloodmagic:3x_crafting_arc",
      "a.heading": "Raw Ore to Fragments",
      "a.recipe": "bloodmagic:arc/fragmentsiron",
      "b.heading": "Ore to Fragments",
      "b.recipe": "bloodmagic:arc/fragmentsfrom_ore_iron",
      "c.heading": "Sulfur and Lava",
      "c.recipe": "bloodmagic:arc/netherrack_to_sulfer",
      "c.fluid_output": "minecraft:lava_bucket"
    },
    {
      "type": "bloodmagic:crafting_soulforge",
      "heading": "Resonator",
      "recipe": "bloodmagic:soulforge/resonator",
      "text": "$(item)Resonator$() は、$(item)Ore Fragments$() を関連する$(item)Gravel$() に変換して鉱石処理を続行し、$(item)Tiny Corrupted Dust$() を作成するために使用されます。Reinforced Resonator は 4 倍の耐久性を持ち、Hellforged Resonator は 16 倍の耐久性を持ち、ボーナス出力が 2 倍になります。"
    },
    {
      "type": "bloodmagic:2x_crafting_soulforge",
      "a.heading": "Reinforced Resonator",
      "a.recipe": "bloodmagic:soulforge/primitive_resonator",
      "b.heading": "Hellforged Resonator",
      "b.recipe": "bloodmagic:soulforge/hellforged_resonator"
    },
    {
      "type": "bloodmagic:2x_crafting_arc",
      "a.heading": "Fragment to Gravel",
      "a.recipe": "bloodmagic:arc/gravelsiron",
      "b.heading": "Gravel to Sand",
      "b.recipe": "bloodmagic:arc/dustsfrom_gravel_iron"
    },
    {
      "type": "patchouli:crafting",
      "heading": "Corrupted Dust",
      "recipe": "bloodmagic:corrupted_dust",
      "text": "小さな破損したダストは$(item)Corrupted Dust$() に結合でき、これを使用して他の鉱石の収量をさらに高めることができます。いくつかの例については、裏面を参照してください。"
    },
    {
      "type": "bloodmagic:3x_crafting_alchemy_table",
      "a.heading": "Corrupted Coal",
      "a.recipe": "bloodmagic:alchemytable/corrupted_coal",
      "b.heading": "Corrupted Iron",
      "b.recipe": "bloodmagic:alchemytable/corrupted_iron",
      "c.heading": "Corrupted Debris",
      "c.recipe": "bloodmagic:alchemytable/corrupted_netherite"
    },
    {
      "type": "patchouli:crafting",
      "heading": "Fuel Cell (Furnace)",
      "recipe": "bloodmagic:primitive_furnace_cell",
      "text": "$(item)ARC$() は$(thing)Furnace$() としても機能しますが、受け入れられる唯一の燃料源は$(item)Primitive Fuel Cell$() または$(l:bloodmagic:utility/lava_crystal)Lava Crystal$(/l)です。"
    },
    {
      "type": "patchouli:text",
      "text": "$(item)プリミティブ燃料電池$() は、128 回の個別の使用に適しています。これは、作成に使用される Coal$() の$(item)ブロック (60 アイテム) よりも多く、作成が終了したときに耐久性が失われるだけなので、燃料を無駄にすることはありません。"
    }
  ]
}