{
  "name": "テレポーザー",
  "icon": "bloodmagic:teleposerfocus",
  "category": "bloodmagic:utility",
  "pages": [
    {
      "type": "patchouli:text",
      "text": "$(item)Teleposers$() は、$(fire)Redstone Controlled$() テレポーテーションの形式を可能にします。$(item)Teleposition Focus$() (裏面) を作成し、ターゲットのテレポーザーにバインドし、別のテレポーザーに配置して、フォーカスのあるテレポーザーにレッドストーン信号を適用するだけです。2 つのテレポーザーの上の定義された領域にあるブロック、アイテム、エンティティ、プレーヤーなどすべてが交換されます。"
    },
    {
      "type": "patchouli:crafting",
      "recipe": "bloodmagic:teleposer",
      "text": "ただし、何も無料ではありません。テレポーザーを介してブロックまたはエンティティを転送するには、2 つのブロックを通過するごとに$(blood)1 LP$() のコストがかかり、ブロック/エンティティごとに最大$(blood)1,000 LP$()、または合計$(blood)10,000 LP$() になります。"
    },
    {
      "type": "bloodmagic:crafting_altar",
      "heading": "Teleposition Focus",
      "recipe": "bloodmagic:altar/teleposer_focus",
      "text": "基本的な$(item)Teleposer Focus$() は、2 つのテレポーザーの上の 1x1x1 ブロック領域内のすべてを交換します。"
    },
    {
      "type": "bloodmagic:crafting_altar",
      "heading": "Enhanced Focus",
      "recipe": "bloodmagic:altar/enhanced_teleposer_focus",
      "text": "$(item)Enhanced Teleposer Focus$() は、2 つのテレポーザーの真上の中心にある 3x3x3 ブロック領域内のすべてを交換します。"
    },
    {
      "type": "patchouli:crafting",
      "recipe": "bloodmagic:enhanced_teleposer_focus",
      "text": "$(item)Reinforced Teleposer Focus$() は、2 つのテレポーザーの真上の中心にある 5x5x5 ブロック領域内のすべてを交換します。"
    },
    {
      "type": "patchouli:text",
      "text": "テレポーザーは、一方向（終了するテレポーザーへのレッドストーン信号が何も起こらないように）、双方向（各テレポーザーが他のテレポーザーにリンクするフォーカスを持ち、どちらの端からでもレッドストーン信号で前後にテレポートする）、または A から B から C、そして A に戻るようにチェーンすることもできます。拠点を横断するエレベーター システムから複雑な地下迷宮まで、夢中になってください!"
    }
  ]
}