{
  "name": "バトルハングリー",
  "icon": "minecraft:rotten_flesh",
  "category": "bloodmagic:alchemy_array/living_equipment/armor_downgrades",
  "pages": [
    {
      "type": "patchouli:text",
      "text": "最近何かを攻撃していない場合は空腹感を与えます。レベルが高くなるとクールダウン時間が短くなり、空腹感がさらに増します。"
    },
    {
      "type": "bloodmagic:living_armour_downgrade",
      "a.recipe": "bloodmagic:downgrade/battle_hungry",
      "b.upgrade": "bloodmagic:battle_hungry"
    }
  ]
}