{
  "name": "不自由な腕",
  "icon": "minecraft:shield",
  "category": "bloodmagic:alchemy_array/living_equipment/armor_downgrades",
  "pages": [
    {
      "type": "patchouli:text",
      "text": "効果：手持ちのアイテムを使用できなくなります。これには、たいまつの設置、シールドの引き上げなどが含まれます。"
    },
    {
      "type": "bloodmagic:living_armour_downgrade",
      "a.recipe": "bloodmagic:downgrade/crippled_arm",
      "b.upgrade": "bloodmagic:crippled_arm"
    }
  ]
}