{
  "name": "病気の",
  "icon": "minecraft:ghast_tear",
  "category": "bloodmagic:alchemy_array/living_equipment/armor_downgrades",
  "pages": [
    {
      "type": "patchouli:text",
      "text": "すべての治癒源の有効性を低下させます。上限は 80% であるため、通常 10 個のハートを回復するソースは 2 個しか回復しません。"
    },
    {
      "type": "bloodmagic:living_armour_downgrade",
      "a.recipe": "bloodmagic:downgrade/slow_heal",
      "b.upgrade": "bloodmagic:slow_heal"
    }
  ]
}