{
  "name": "足を引きずる",
  "icon": "minecraft:soul_sand",
  "category": "bloodmagic:alchemy_array/living_equipment/armor_downgrades",
  "pages": [
    {
      "type": "patchouli:text",
      "text": "効果：移動速度が大幅に低下します。70% 削減で上限に達します。$(br2)最大レベル: 10"
    },
    {
      "type": "bloodmagic:living_armour_downgrade",
      "a.recipe": "bloodmagic:downgrade/speed_decrease",
      "b.upgrade": "bloodmagic:speed_decrease"
    }
  ]
}