{
  "name": "血の祭壇",
  "icon": "bloodmagic:altar",
  "category": "bloodmagic:altar",
  "priority": "true",
  "extra_recipe_mappings": {
    "bloodmagic:daggerofsacrifice": 13
  },
  "pages": [
    {
      "type": "patchouli:text",
      "text": "$(item)Blood Altar$() は MOD の中心ブロックであり、生の$(blood)blood$() を純粋な$(blood)Life Essence$() に変換できます。最初は小さく取るに足らないものかもしれませんが、その強さとサイズは MOD 全体で成長し、ほとんどの力の基礎として機能します。"
    },
    {
      "type": "patchouli:crafting",
      "recipe": "bloodmagic:blood_altar"
    },
    {
      "type": "patchouli:text",
      "text": "ワールドに配置されると、$(item)Blood Altar$() は$(blood)blood$() を$(blood)Life Essence$() に変換し、配置されたアイテムを変換するために使用します。祭壇を見ながら [$(k:use)] を押すと、手持ちのアイテムを 1 つ祭壇の内部インベントリに挿入できます。空手で [$(k:use)] を押すとアイテムが抽出されます。"
    },
    {
      "type": "multiblock",
      "name": "Tier 1 血の祭壇",
      "multiblock_id": "bloodmagic:altar_one",
      "text": "ティア 1 の血の祭壇にはルーンがありません。"
    },
    {
      "type": "patchouli:text",
      "text": "「$(blood)LP$()」として測定される$(blood)Life Essence$() を追加するには、まず$(item)Sacrificial Knife$() を作成する必要があります。ナイフで空中を狙いながら [$(k:use)] を押すと、ハート 1 個のコストで$(blood)200 LP$() を「抽出」し、近くの祭壇に配置できます。祭壇の最大容量は 10,000LP で始まり、洗面器内の血液レベルが満たされた割合を示します。$(l:bloodmagic:alchemy_array/sigil/divination)占い印章$(/l)を使用すると、祭壇に関するより詳細な情報が得られます。"
    },
    {
      "type": "patchouli:crafting",
      "recipe": "bloodmagic:sacrificial_dagger",
      "anchor": "knife",
      "text": "祭壇が保持できる合計$(blood)LP$() の 10% は、$(blood)Life Essence$() を抽出して祭壇に挿入するために使用される目に見えない内部の「タンク」に吸収されることに注意してください。"
    },
    {
      "type": "patchouli:text",
      "text": "Blood Altar は、プレイヤーがアイテムを中に置くとすぐ (または定期的に 5 秒後) にクラフトを開始しようとします。祭壇内の$(blood)LP$() はゆっくりと排出され (赤い粒子で示されます)、アイテムが変形します。祭壇に$(blood)LP$() がない場合は、代わりに祭壇が進行状況を失っていることを示す灰色の煙が表示されます。十分な$(blood)LP$() が消費されると (コストにアイテム スタックの数を乗じたもの)、スタック全体が新しいアイテムに変換されます。"
    },
    {
      "type": "patchouli:text",
      "text": "最初に作成するアイテムは$(l:bloodmagic:altar/soul_network)弱いブラッド オーブ$(/l)です。これはデフォルトで、ティア 1 ブラッド祭壇内にあるダイヤモンドと$(blood)2000 LP$() です。Blood Altar で作成できるすべてのアイテムは、Just Enough Items (JEI) を使用して見つけることができます。"
    },
    {
      "type": "patchouli:text",
      "anchor": "blank_rune",
      "text": "Blood Altar をアップグレードするには、$(item)Blood Runes$() を作成し、祭壇の周りに配置する必要があります。ブラッド ルーンは祭壇のアップグレードとして機能し、より高度なバージョンのブラッド ルーンを使用することで祭壇にさまざまな効果を与えることができます。基本バージョンである$(item)Blank Rune$() はアップグレードを提供しません。祭壇の層をアップグレードすることのみに使用されます。"
    },
    {
      "type": "patchouli:crafting",
      "recipe": "bloodmagic:blood_rune_blank"
    },
    {
      "type": "patchouli:text",
      "text": "血の祭壇を Tier 2 にアップグレードするには、祭壇の周りに 8 個の$(item)ブラッド ルーン$() を配置する必要があります。枢機卿のルーンはアップグレードできますが、隅のルーンはティア 3 になるまでアップグレードルーンとして機能できません。"
    },
    {
      "type": "multiblock",
      "name": "Tier 2 血の祭壇",
      "multiblock_id": "bloodmagic:altar_two",
      "text": "合計 8 つのルーンを持つ Tier 2 の血の祭壇。"
    },
    {
      "type": "patchouli:text",
      "anchor": "dagger_of_sacrifice",
      "text": "Tier 2 祭壇を取得したので、自分以外の場所から$(blood)Life Essence$() を入手することを検討できます。$(item)Dagger of Sacrifice$() を使用すると、祭壇の 2 ブロック以内にいるあらゆる暴徒 (モンスターまたはパッシブ) を生け贄に捧げることができ、即時にそれらを殺し、相当額の$(blood)LP$() を得ることができます。$(l:bloodmagic:altar/blood_rune/sacrifice_rune)Runes of Sacrifice$() を使用すると、キルごとに獲得できる量を増やすことができます。エンティティが異なれば、与えられる$(blood)LP$() の量も異なります。詳細については、構成を確認してください。"
    },
    {
      "type": "bloodmagic:crafting_altar",
      "heading": "Dagger of Sacrifice",
      "recipe": "bloodmagic:altar/daggerofsacrifice",
      "text": "娯楽と利益のために村人を虐殺する！"
    },
    {
      "type": "patchouli:text",
      "text": "Blood Altar を Tier 3 にアップグレードするには、5 つの$(item)Blood Runes$() を、前のルーンのセットから 1 ブロック下、2 ブロック離れた各端に沿って配置します。次に、新しいルーンのリングの上から各隅に 2 つのブロック ($(item)Stone Bricks$() で示されます) を配置し、$(item)Glowstone Blocks$() で各柱をキャップします。$(br)正常にアップグレードされたことを確認するには、$(l:bloodmagic:alchemy_array/sigil/divination)占いシジル$(/l)を使用して層を確認します。グロウストーンの下の柱には、空気以外のブロックを使用できることに注意してください。"
    },
    {
      "type": "multiblock",
      "name": "Tier 3 血の祭壇",
      "multiblock_id": "bloodmagic:altar_three",
      "text": "Tier 3 の血の祭壇には合計 28 個のルーンがあり、Tier 2 よりも 20 個多く、各面に 5 個あります。"
    },
    {
      "type": "patchouli:text",
      "text": "Blood Altar を Tier 4 にアップグレードするには、7 つの$(item)Blood Runes$() を、前のルーンのセットから 1 ブロック下、2 ブロック離れた各端に沿って配置します。次に、新しいルーンのリングの上から開始して、各隅に 4 つの固体ブロックを配置し、$(l:bloodmagic:utility/bloodstone_bricks)ブラッドストーン レンガ$(/l)および/または$(l:bloodmagic:utility/bloodstone_bricks)大型ブラッドストーン レンガ$(/l)で各柱をキャップします。これらには、$(l:bloodmagic:rituals/ritual_list/ritual_simple_dungeon)Edge of the Hidden Realm$() 儀式で見つかる$(l:bloodmagic:dungeons/tau_fruit)Tau Fruit$() が必要です。"
    },
    {
      "type": "multiblock",
      "name": "Tier 4 血の祭壇",
      "multiblock_id": "bloodmagic:altar_four",
      "text": "Tier 4 の血の祭壇には合計 56 個のルーンがあり、Tier 3 より 28 個多く、各面に 7 個あります。"
    },
    {
      "type": "patchouli:text",
      "text": "Blood Altar を Tier 5 にアップグレードするには、15 個の$(item)Blood Runes$() を、各端に沿って前のルーンのセットから 1 ブロック下、3 ブロック離れた位置に配置します。どちらかの端に 1 ブロックの隙間を残して、$(l:bloodmagic:dungeons/demonite)He​​llforged Block$() を各隅に配置します。このレアでエキゾチックな金属を入手するには、$(thing)Demon Realm$() を深く掘り下げる必要があります。"
    },
    {
      "type": "multiblock",
      "name": "Tier 5 血の祭壇",
      "multiblock_id": "bloodmagic:altar_five",
      "text": "Tier 5 の血の祭壇には合計 108 個のルーンがあり、Tier 4 よりも 52 個多く、各面に 13 個あります。"
    }
  ]
}