{
  "name": "レッドストーンと自動化",
  "icon": "minecraft:redstone",
  "category": "bloodmagic:altar",
  "pages": [
    {
      "type": "patchouli:text",
      "text": "$(l:bloodmagic:altar/blood_altar)Blood Altar$() は素晴らしいツールですが、石板が作成されるのをただ立って待っているのは良い時間とは言えません。幸いなことに、いくつかの注意点がありますが、アイテムと$(blood)LP$() は自動的に祭壇にパイプで出し入れできます。$(br2)単純な$(item)Hopper$() を使用するとアイテムをパイプで入力できますが、Altar では一度に 1 つ以上のアイテムを入力することはできません。1 つで 64 枚の石版を喜んで作成します"
    },
    {
      "type": "patchouli:text",
      "text": "そのために通常の 64 倍の$(blood)LP$() を消費しますが、その$(blood)LP$() を十分な速さで供給できない場合、問題が発生することになります。$(br2)さらに、祭壇は入力と出力を区別しないため、何らかのフィルターがなければ、アイテム転送システムが処理できる速度でアイテムが出し入れされます。おそらく$(l:bloodmagic:demon_will/item_routing/routing_nodes)Routing Nodes$() を見てみると役に立つでしょう..."
    },
    {
      "type": "patchouli:text",
      "text": "祭壇は、外部タンクとの間の$(blood)Life Essence$() の転送もサポートしています。選択した液体パイプを接続するだけで、後のクラフト用に余った$(blood)Life Essence$() を保管できます。$(br2)デフォルトでは転送速度が非常に遅いことに注意してください。高速化したい場合は、$(l:bloodmagic:altar/blood_rune/acceleration_rune)Acceleration Runes$() と$(l:bloodmagic:altar/blood_rune/dislocation_rune)Displacement Runes$() を検討することをお勧めします。"
    },
    {
      "type": "patchouli:text",
      "text": "この$(blood)ライフ エッセンス$() は$(l:bloodmagic:altar/blood_altar)祭壇$() 自体から直接取得されるのではなく、2 番目の秘密の内部タンクから取得されることを忘れないでください。このタンクには、祭壇自体が保持できる$(blood)ライフ エッセンス $() の最大 10%$() まで$(thing)を保持できるため、数値が正確に加算されていないように見える場合、または$(blood)ライフ エッセンス $() が祭壇から消えているように見える場合は、おそらくここが目的地です。同じ制限が、パイプインされる$(blood)Life Essence$() にも適用されます。"
    },
    {
      "type": "patchouli:text",
      "text": "$(l:bloodmagic:altar/blood_altar)Blood Altar$() 内の$(blood)Life Essence$() の量は、バニラチェストと同様に、側面のコンパレーターを介して読み取ることができます。$(br2)祭壇の下に$(item)Bloodstone Brick$() を置くと、コンパレーターは代わりに、祭壇に置かれたオーブの所有者の$(l:bloodmagic:altar/soul_network)ソウル ネットワーク$(/l)の値を読み取ります。$(br2)信号強度は、ネットワークの最大$(blood)LP$() ではなく、祭壇内のオーブのサイズによって決まります。"
    },
    {
      "type": "patchouli:text",
      "text": "たとえば、$(blood)500,000 LP$() がある場合、ウィーク ブラッド オーブは完全に満たされていると表示されますが、マスター ブラッド オーブは半分しか満たされていないと表示されます。これは、たとえば、$(blood)LP$() が不足しているときに特定の儀式を無効にして、不足しないようにするために使用できます。$(br2)最後に、祭壇の下に$(item)レッドストーン ランプ$() を置くと、製作作業の終了時にレッドストーン信号が出力されます。"
    }
  ]
}