{
  "name": "スレートの層",
  "icon": "bloodmagic:blankslate",
  "category": "bloodmagic:altar",
  "extra_recipe_mappings": {
    "bloodmagic:blankslate": 1,
    "bloodmagic:reinforcedslate": 1,
    "bloodmagic:infusedslate": 2,
    "bloodmagic:demonslate": 2
  },
  "pages": [
    {
      "type": "patchouli:text",
      "text": "$(l:bloodmagic:altar/blood_altar)Blood Altar$(/l)の主な用途は、$(item)Slates$() の生成です。スレートの各層には、前の層と、最後の層よりも強力な祭壇が必要です。$(br2)$(item)Etherial Slates$() は現在デフォルトでは実装されていませんが、modpack でプレイしている場合は実装される可能性があることに注意してください。詳細についてはJEIを確認してください。"
    },
    {
      "type": "bloodmagic:2x_crafting_altar",
      "a.heading": "Blank Slate",
      "a.recipe": "bloodmagic:altar/slate",
      "b.heading": "Reinforced Slate",
      "b.recipe": "bloodmagic:altar/reinforcedslate"
    },
    {
      "type": "bloodmagic:2x_crafting_altar",
      "a.heading": "Imbued Slate",
      "a.recipe": "bloodmagic:altar/imbuedslate",
      "b.heading": "Demonic Slate",
      "b.recipe": "bloodmagic:altar/demonicslate"
    }
  ]
}