{
  "name": "ソウルネットワーク",
  "icon": "bloodmagic:weakbloodorb",
  "category": "bloodmagic:altar",
  "pages": [
    {
      "type": "patchouli:text",
      "text": "$(thing)Soul Network$() は、$(thing)Soul$() をすべてのバインドされたアイテム、儀式、ブロックに接続するネットワークです。機能的には、これは各プレーヤーに固有の$(blood)LP$() のグローバル ストレージであり、プレーヤーのバインドされたアイテムを仲介者として使用して追加および抽出できます。$(thing)Soul Network$() にバインドできるアイテムで最初に [$(k:use)] を押すと、そのアイテムはあなたにバインドされ、次のようなラベルが付けられます。"
    },
    {
      "type": "patchouli:text",
      "text": "あなたによって「所有」されているのです。そのため、$(blood)LPコスト$()を持つアイテムが実行するアクションは、$(thing)ソウルネットワーク$()から排出されます。場合によっては、アイテムが$(thing)Soul Network$() から$(blood)LP$() を取得できない場合、代わりにあなたの体力から$(blood)LP$() コストを直接取得します。$(br2)他の場合 (進行中の$(thing)Ritual$() がネットワークを完全に消耗させた場合など) は、Ritual が無効化されるか、$(thing)Soul Network$() が再び満たされるまで、単に絶え間ない吐き気を引き起こすだけです。"
    },
    {
      "type": "patchouli:text",
      "text": "$(thing)ソウル ネットワーク $() を満たすには、$(item)ブラッド オーブ $() を構築する必要があります。$(br2)Blood Orbs は$(blood)LP$() を使用して 2 つの方法のいずれかでチャージできます。$(li)プレイヤーは、$(item)Blood Orb$() で [$(k:use)] を押すと、ヘルス ハートを 1 つ犠牲にすることができ、バインドされた$(thing)Soul Network$() と$(blood)200 LP$() を提供します。$(li)$(item)ブラッド オーブ $() は、$(blood)ライフ エッセンス $() が入った$(l:bloodmagic:altar/blood_altar)ブラッド アルター$(/l)内に配置できます。オーブは、祭壇の$(item)Speed Runes$() によって制限されますが、できるだけ早くそれを吸収します。"
    },
    {
      "type": "patchouli:text",
      "text": "$(item)Blood Altar$() の階層ごとに作成できる個別の$(item)Blood Orb$() があります。彼らのレシピは裏面に文書化されています。$(li)$(item)ウィークブラッドオーブ$() - 最大容量:$(blood)5,000 LP$()。$(li)$(item)見習いのブラッド オーブ$() - 最大容量:$(blood)25,000 LP$()。$(li)$(item)マジシャン ブラッド オーブ$() - 最大容量:$(blood)150k LP$()。$(li)$(item)マスターブラッドオーブ$() - 最大容量:$(blood)1M LP$()。$(li)$(item)Archmage Blood Orb$() - 最大容量:$(blood)10M LP$()。"
    },
    {
      "type": "bloodmagic:2x_crafting_altar",
      "a.heading": "Weak Blood Orb",
      "a.recipe": "bloodmagic:altar/weakbloodorb",
      "b.heading": "Apprentice Blood Orb",
      "b.recipe": "bloodmagic:altar/apprenticebloodorb"
    },
    {
      "type": "bloodmagic:2x_crafting_altar",
      "a.heading": "Magician Blood Orb",
      "a.recipe": "bloodmagic:altar/magicianbloodorb",
      "b.heading": "Master Blood Orb",
      "b.recipe": "bloodmagic:altar/masterbloodorb"
    },
    {
      "type": "bloodmagic:crafting_altar",
      "heading": "Archmage Blood Orb",
      "recipe": "bloodmagic:altar/archmagebloodorb",
      "text": "それでも$(blood)LP storage$() が足りない場合は、Orb$() の$(l:bloodmagic:altar/blood_rune/orb_rune)Runes の使用を検討してください。"
    }
  ]
}