{
  "name": "悪魔の意志の側面",
  "icon": "bloodmagic:vengefulcrystal",
  "category": "bloodmagic:demon_will/will_manipulation",
  "extra_recipe_mappings": {
    "bloodmagic:steadfastdemoncrystal": 2,
    "bloodmagic:corrosivedemoncrystal": 2,
    "bloodmagic:destructivedemoncrystal": 2,
    "bloodmagic:vengefuldemoncrystal": 2,
    "bloodmagic:steadfastcrystal": 2,
    "bloodmagic:corrosivecrystal": 2,
    "bloodmagic:destructivecrystal": 2,
    "bloodmagic:vengefulcrystal": 2,
    "bloodmagic:basemonstersoul_vengeful": 2,
    "bloodmagic:basemonstersoul_corrosive": 2,
    "bloodmagic:basemonstersoul_steadfast": 2,
    "bloodmagic:basemonstersoul_destructive": 2
  },
  "pages": [
    {
      "type": "patchouli:text",
      "text": "$(l:bloodmagic:demon_will/will_manipulation/demon_will)Demon Will$() を大気中に解き放ったのは間違いなく素晴らしいアイデアでした。これが$(item)Rituals$() を強化するのに最も役立つことが証明されただけでなく、それを$(l:bloodmagic:demon_will/will_manipulation/crystallized_will)Crystal Cluster$() に凝縮することに成功し、次に何に目を向けるべきか疑問に思っています。$(br2)これらの$(item)Crystals$() は、あなたにはどういうわけか...矛盾しているように感じられます。特定の$(l:bloodmagic:rituals/ritual_list/ritual_crystal_split)Ritual$() は、それらをより純粋な形に誘導するのに役立つかもしれません..."
    },
    {
      "type": "patchouli:image",
      "images": [
        "bloodmagic:images/entries/demon_will/will_splitting.png"
      ],
      "title": "意志の側面",
      "border": true,
      "text": "$(l:bloodmagic:rituals/ritual_list/ritual_crystal_split)ファセット Crystal$() の共鳴儀式が実行中。"
    },
    {
      "type": "patchouli:text",
      "text": "$(item)Crystallized Will$() に 4 つのスパイシーな新しいフレーバーが加わりました!$(water)水のルーン$() には$(steadfast)不屈の意志 $() があり、$(air)空気のルーン $() には$(destructive)破壊的な意志 $() があり、$(fire)火のルーン $() には$(vengeful)復讐の意志 $() があり、$(earth)土のルーン $() には$(corrosive)腐食的な意志があります。$()$(br2)これらさまざまな新しいタイプの意志は、生の意志と同じように$(item)Demon Crucible$() で燃やすことができ、そこからさまざまな儀式に供給して、素晴らしく魅力的な効果を得ることができます。"
    },
    {
      "type": "patchouli:text",
      "anchor": "sentient_aspects",
      "text": "ただし、センティエント ツールの動作も変更され、より強力になります。$(br)$(li)$(raw)Raw Will$(): ダメージが増加します。$(corrosive)$(li)Corrosive Will$(): 攻撃は敵に毒を与えるか萎縮させる可能性があります。それ以外の場合は$(raw)Raw$() と同じです。$(vengeful)$(li)Vengeful Will$(): ダメージは増加しますが、$(raw)Raw$() ほどではありません。攻撃速度が増加します。意志の量が多いほど増加する移動速度バフを与えます。"
    },
    {
      "type": "patchouli:text",
      "text": "$(steadfast)$(li)Steadfast Will$(): ダメージが増加し (ただし、$(raw)Raw$() ほどではありません)、キル後に吸収が付与されます。$(destructive)$(li)破壊的な意志$(): 他の意志タイプよりもダメージが増加しますが、攻撃速度が低下します。"
    },
    {
      "type": "patchouli:text",
      "text": "「一体どうすればこの遺言書を利用可能な形式にできるのか？」と疑問に思われるかもしれません。そうですね、答えは簡単です。空の$(l:bloodmagic:demon_will/will_manipulation/soul_gem)Tartaric Gem$() を$(item)Demon Crucible$() と同じチャンク内の$(l:bloodmagic:demon_will/will_manipulation/soul_forge)He​​llfire Forge$() に配置し、目的のアスペクトの Will Crystal をデーモンるつぼに供給するだけです。あなたの$(l:bloodmagic:demon_will/will_manipulation/soul_gem)Tartaric Gem$() は、意志のその側面で満たされます。$(raw)Sentient Tools$() を押しながら [$(k:use)] を押すと、$(raw)Sentient Tools$() が使用する種類を変更できます。"
    },
    {
      "type": "patchouli:text",
      "text": "$(item)Sentient Tools$() は、インベントリ内の最大量の$(raw)Will$() の側面を帯びることに注意してください。1 つの$(l:bloodmagic:demon_will/will_manipulation/soul_gem)Tartaric Gem$() に 10 個の$(corrosive)Corrosive Will$() を持ち、別の 1 つに 1,000 個の$(raw)Raw Will$() を持っている場合、あなたの剣は$(raw)Raw$() のままになります。$(br2)$(l:bloodmagic:demon_will/will_manipulation/soul_forge)He​​llfire Forge$() は、クラフトにあらゆる種類の$(raw)will$() を受け入れることができるため、異なる$(item)Tartaric Gems$() で複数の種類の will をやりくりする必要があることを心配する必要はありません。"
    }
  ]
}