{
  "name": "デーモンウィルオーラ",
  "icon": "bloodmagic:demoncrucible",
  "category": "bloodmagic:demon_will/will_manipulation",
  "pages": [
    {
      "type": "patchouli:text",
      "text": "$(l:bloodmagic:demon_will/will_manipulation/demon_will)が $() を確立したので、$(raw)Demonic Will$() が特定のクリーチャーの周りに合体し、悪意のある力でそれらを推進します。ただし、$(raw)Will$() が存在できるのはこれだけではありません。$(raw)Will$() を$(item)Demon Crucible$() で燃やすことにより、その意志を$(thing)Aura$() に解き放つことができ、素晴らしい効果をもたらします。"
    },
    {
      "type": "bloodmagic:crafting_soulforge",
      "heading": "Demon Crucible",
      "recipe": "bloodmagic:soulforge/demon_crucible",
      "text": "チャージされた$(l:bloodmagic:demon_will/will_manipulation/soul_gem)Tartaric Gem$() または$(item)Demon Will$() または$(item)Demon Crystal$() の任意の側面をそれに入れて実行させます。$(item)Crystals$() はチャンクの$(raw)Will$() が 50 を下回ると消費されますが、$(raw)Demon Will$() (アイテム形式または$(item)Tartaric Gem$() から) は必要に応じて少しずつ消費されます。"
    },
    {
      "type": "patchouli:image",
      "images": [
        "bloodmagic:images/entries/demon_will/demon_crucible.png"
      ],
      "title": "悪魔のるつぼ",
      "border": true,
      "text": "$(item)デーモンクルーシブル$() の中に$(l:bloodmagic:demon_will/will_manipulation/soul_gem)酒石ジェム$() が入っています。"
    },
    {
      "type": "patchouli:text",
      "text": "これで、$(raw)Raw Will$() が大気中に存在しました。すごい、さてどうする？$(br2)一部の$(thing)Rituals$()$(l:bloodmagic:rituals/ritual_tinkerer)は$(raw)Raw Will$() から $() の恩恵を受けていますが、これによる主な利点は、洗練された$(item)Demon Will Crystals$() を作成し、そこから$(l:bloodmagic:rituals/ritual_list/ritual_crystal_split)が $() を$(l:bloodmagic:demon_will/will_manipulation/aspected_will)アスペクト $() に分割できることです。$(br2)これらの$(item)アスペクト ウィル クリスタル $() をいくつか入手したら、$(item)るつぼ $() でもう一度燃やして、儀式の恩恵を受けるために$(thing)オーラ $() に解き放つことができます。"
    },
    {
      "type": "patchouli:text",
      "text": "$(thing)Aura$() はチャンクベースであることに言及することが重要です。つまり、書き込む$(raw)Will$() は、タイプごとに合計上限 100 まで、書き込み先のチャンクを埋めます。これは、$(l:bloodmagic:demon_will/will_manipulation/aura_gauge)Demon Will Aura Gauge$() を使用して測定できます。$(br2)デーモン ウィルを移動するには、$(item)デーモン パイロン$() を隣接するチャンクに配置するだけで、$(raw)ウィル$() がそれに向かって引き寄せられます。"
    },
    {
      "type": "bloodmagic:crafting_soulforge",
      "heading": "Demon Pylon",
      "recipe": "bloodmagic:soulforge/demon_pylon",
      "text": "パイロンは、隣接するすべてのチャンク (診断を除く) からあらゆる種類の意志を引き込みます。より長距離に意志を伝達するために、複数のパイロンを連鎖させることができます。"
    },
    {
      "type": "patchouli:text",
      "text": "$(l:bloodmagic:demon_will/will_manipulation/soul_gem)Tartaric Gem$() を$(l:bloodmagic:demon_will/will_manipulation/soul_forge)Hellfire Forge$() 内に配置すると、そのチャンクから$(raw)Will$() が急速に吸収されます。$(br2)チャンク内の$(raw)Will$() のアスペクト ($(raw)Raw$() または$(corrosive)Corrosive$() と空の$(item))Tartaric Gem$() を使用すると、Gem にそのアスペクトを充填することができます。$(br2)これにより、$(l:bloodmagic:demon_will/demonic_items/sentient_tools)Sentient Tools$() および$(l:bloodmagic:demon_will/demonic_items/sentient_sword)Sword$() を適宜変更できます。効果は$(l:bloodmagic:demon_will/will_manipulation/aspected_will#sentient_aspects)here$() で定義されています。"
    },
    {
      "type": "patchouli:relations",
      "title": "関連リンク",
      "entries": [
        "bloodmagic:rituals/ritual_tinkerer",
        "bloodmagic:demon_will/will_manipulation/crystallized_will",
        "bloodmagic:demon_will/will_manipulation/aspected_will",
        "bloodmagic:rituals/ritual_list/ritual_crystal_split",
        "bloodmagic:rituals/ritual_list/ritual_crystal_harvest"
      ],
      "text": "もっとできることがある、感じられる…"
    }
  ]
}