{
  "name": "デーモンウィルオーラゲージ",
  "icon": "bloodmagic:demonwillgauge",
  "category": "bloodmagic:demon_will/will_manipulation",
  "pages": [
    {
      "type": "patchouli:text",
      "text": "プレイヤーのインベントリ内にある間、$(item)Demon Will Aura Gauge$() は、ローカルの$(l:bloodmagic:demon_will/will_manipulation/aura)Aura$() に$(raw)Demon Will$() がどのくらいあるかを示す HUD 要素を表示します。$(br2)上から下に、測定された意志の側面は次のとおりです:$(li)$(raw)Raw$()$(li)$(corrosive)Corrosive$()$(li)$(steadfast)Steadfast$()$(li)$(destructive)Destructive$()$(li)$(vengeful)Vengeful$()"
    },
    {
      "type": "bloodmagic:crafting_soulforge",
      "recipe": "bloodmagic:soulforge/demon_will_gauge",
      "heading": "Demon Will Aura Gauge",
      "text": "ゲージの HUD 要素のイメージについては、裏面を参照してください。"
    },
    {
      "type": "patchouli:image",
      "images": [
        "bloodmagic:images/entries/demon_will/demon_will_aura_gauge.png"
      ],
      "title": "オーラゲージHUD要素",
      "border": true
    },
    {
      "type": "patchouli:text",
      "text": "このゲージは画面の左上に表示されます。色付きのバーは、現在のチャンクに各$(l:bloodmagic:demon_will/will_manipulation/aspected_will)Will Aspect$() がどの程度含まれているかを正確に推定します。$(br2)[$(k:sneak)] を押し続けると、各アスペクトの数値 (1 ～ 100$(raw)Will$()) を取得できます。100 は、チャンクに含めることができる$(raw)Will$() の 1 つの側面の最大量です。"
    }
  ]
}