{
  "name": "結晶化した意志",
  "icon": "bloodmagic:defaultcrystal",
  "category": "bloodmagic:demon_will/will_manipulation",
  "extra_recipe_mappings": {
    "bloodmagic:demoncrucible": 1,
    "bloodmagic:demoncrystallizer": 1,
    "bloodmagic:rawdemoncrystal": 1,
    "bloodmagic:defaultcrystal": 1
  },
  "pages": [
    {
      "type": "patchouli:text",
      "text": "$(l:bloodmagic:demon_will/will_manipulation/soul_gem)Tartaric Gem$() に$(l:bloodmagic:demon_will/will_manipulation/demon_will)Demon Will$() がたくさん入ったので、それを世界に解き放つと何が起こるかを調べてみましょう。$(br2)まず、$(raw)Will$() を$(l:bloodmagic:demon_will/will_manipulation/aura)Aura$() に取り込む必要があります。次に、$(thing)Demon Crystallizer$() を作成する必要があります。"
    },
    {
      "type": "bloodmagic:crafting_soulforge",
      "heading": "Demon Crystallizer",
      "recipe": "bloodmagic:soulforge/demon_crystallizer",
      "text": "これにより、$(l:bloodmagic:demon_will/will_manipulation/aura)Aura$() から$(l:bloodmagic:demon_will/will_manipulation/demon_will)Demon Will$() がゆっくりと消費され、$(item)Will Crystals$() が生成されます。最初の尖塔の形成には 100$(raw)Will$() のコストがかかり、後続のすべての尖塔のコストはそれぞれ 40 ですが、$(item)Demon Crucible$() では 50 で燃やすことができ、純利益は 10 になります。最大の$(item)Crystal Cluster$() は最大 7 つの尖塔にすることができます。"
    },
    {
      "type": "patchouli:text",
      "text": "インベントリ内に合計 512 個を超える$(raw)Will$() がある場合 (任意の数の$(l:bloodmagic:demon_will/will_manipulation/soul_gem)Tartaric Gems$() と任意の 1 種類の合計)、空の手で尖塔を右クリックすることでこれらのクリスタルを収穫できます。これにより、中央の尖塔以外はすべて削除されます。$(br2)ただし、十分な$(raw)will$() や$(italic)本当に $() が中央尖塔のクリスタルに必要な場合、または単に急いでいる場合は、ツルハシですべてを収穫できます。"
    }
  ]
}