{
  "name": "悪魔の意志",
  "icon": "bloodmagic:basemonstersoul",
  "category": "bloodmagic:demon_will/will_manipulation",
  "extra_recipe_mappings": {
    "bloodmagic:basemonstersoul": 0
  },
  "pages": [
    {
      "type": "patchouli:text",
      "text": "$(l:bloodmagic:altar/blood_altar)血の祭壇$() を入手したら、いくつかの$(item)デーモン ウィル $() を集める必要があります。Demon Will を入手するには 2 つの方法があります:$(br)$(li)$(l:bloodmagic:demon_will/will_manipulation/soul_snare)ソウル スネア$(/l)で攻撃され、白い粒子の効果が現れたときに殺される Mob を倒す。$(li)$(l:bloodmagic:demon_will/demonic_items/sentient_sword)センティエント ソード$() で敵対的な暴徒を倒すことによって。$(br)MOD を使い始めたばかりなので、$(l:bloodmagic:demon_will/demonic_items/sentient_sword)Sentient Sword$() はまだありません。"
    },
    {
      "type": "patchouli:text",
      "text": "したがって、$(l:bloodmagic:demon_will/will_manipulation/soul_snare)Soul Snare$() を使用する必要があります。$(br2)$(item)Demon Will$() は$(blood)Blood Magic$() の定期的なリソースであり、$(l:bloodmagic:demon_will/will_manipulation/soul_forge)He​​llfire Forge$() を強化するために使用されます。$(br2)$(blood)Blood Magic$() の伝承では、$(raw)Demon Will$() は、悪魔が死者や他のモンスターの体に意志を吹き込んだときの残留効果です。"
    },
    {
      "type": "patchouli:image",
      "images": [
        "bloodmagic:images/entries/demon_will/demon_will.png"
      ],
      "title": "悪魔の意志",
      "border": true
    },
    {
      "type": "patchouli:text",
      "text": "$(raw)Will$() を入手したら、それを使用して$(l:bloodmagic:demon_will/will_manipulation/soul_forge)He​​llfire Forge$() で便利なツールを作成できます。それらがインベントリを乱雑にしていることに気付いた場合は、$(l:bloodmagic:demon_will/will_manipulation/soul_gem)Tartaric Gem$() が役立つかもしれません。"
    }
  ]
}