{
  "name": "あなたの最初の意志",
  "icon": "bloodmagic:soulsnare",
  "category": "bloodmagic:demon_will/will_manipulation",
  "priority": "true",
  "pages": [
    {
      "type": "bloodmagic:crafting_altar",
      "heading": "Soul Snare",
      "recipe": "bloodmagic:altar/soul_snare",
      "text": "$(item)Soul Snares$() は、$(blood)Blood Magic$() の$(l:bloodmagic:demon_will/will_manipulation/demon_will)Demon Will$() 部分への入り口です。"
    },
    {
      "type": "patchouli:text",
      "text": "$(item)Snare$() の使用は非常に簡単です。十分な量を作成し、$(thing)敵対的なMob$() に投げます。白い粒子の効果がそれらの周囲に表示されます。それから、殺しに行く時が来ました。死亡すると、$(l:bloodmagic:demon_will/will_manipulation/demon_will)Demon Will$() がドロップされます。質問する前に、はい、Looting エンチャントはドロップする$(raw)Will$() の量を増やします。いくつか集めたら、$(l:bloodmagic:demon_will/demonic_items/sentient_sword)Sentient Sword$() と$(l:bloodmagic:demon_will/will_manipulation/soul_gem)Tartaric Gem$() の作成に取りかかることができます。これにより、$(l:bloodmagic:demon_will/will_manipulation/demon_will)Demon Will$() の収集がはるかに簡単になります。"
    },
    {
      "type": "patchouli:image",
      "images": [
        "bloodmagic:images/entries/demon_will/snare_particles.png"
      ],
      "title": "スネア・オン・スケルトン",
      "border": true,
      "text": "スネアに当たった後の白い粒子が付いた骸骨。"
    }
  ]
}