{
  "name": "酒石の宝石",
  "icon": "bloodmagic:soulgemgreater",
  "category": "bloodmagic:demon_will/will_manipulation",
  "pages": [
    {
      "type": "patchouli:text",
      "text": "$(l:bloodmagic:demon_will/will_manipulation/demon_will)Demon Will$() は非常に便利なリソースですが、これまでに入手したフラグメントでは明らかに力が不足しています。必要なのは収納アイテムです。$(item)Tartaric Gem$() がまさにそれのようです。さらに、そこらに転がっているかもしれない残りの$(l:bloodmagic:demon_will/will_manipulation/demon_will)Demon Will$() を吸収することができます。それらを床に落とすだけで、輝く新しい宝石がそれらを吸収します。"
    },
    {
      "type": "bloodmagic:crafting_soulforge",
      "heading": "Petty Tartaric Gem",
      "recipe": "bloodmagic:soulforge/pettytartaricgem",
      "text": "最初のジェムには最大 64 個の$(l:bloodmagic:demon_will/will_manipulation/demon_will)Will$() が保持されます。以前に比べてかなりコンパクトになりました！$(br2)$(raw)Will$() をある gem から別の gem に転送したい場合は、空にしたい gem を押しながら [$(k:use)] を押し続けるだけで、インベントリ内で最初に見つかった有効な gem にその意志が転送されます。"
    },
    {
      "type": "patchouli:text",
      "text": "$(item)Petty Tartaric Gem$() は便利なツールですが、明らかに力が不足しています。$(item)Diamond$()、$(item)Lapis$()、$(item)Redstone$() を慎重に操作することで、ストレージ容量を 4 倍にする方法を見つけました。"
    },
    {
      "type": "bloodmagic:crafting_soulforge",
      "heading": "Lesser Tartaric Gem",
      "recipe": "bloodmagic:soulforge/lessertartaricgem",
      "text": "この強化されたジェムは、最大 256 個の$(l:bloodmagic:demon_will/will_manipulation/demon_will)Will$() を保持できます。$(br2)注: アップグレード時に必要な gem は 1 つだけです。$(item)He​​llfire Forge$() は、Gem Slot 内の gem からの will を使用しようとする前に、作成中の gem から$(raw)Will$() を描画します。心配しないでください。新しく作成された gem には、プロセスで残った$(raw)Will$() が保持されます。"
    },
    {
      "type": "patchouli:text",
      "text": "あなたの$(item)Lesser Tartaric Gem$() は注目に値する改善ですが、またもや限界に悩まされています。さらに進むには、$(l:bloodmagic:altar/slates)Imbued Slate$() の力が必要なため、$(l:bloodmagic:altar/blood_altar)Blood Altar$() に焦点を当てる必要があります。このスレートを宝石と組み合わせ、別の$(item)Diamond$() と$(item)Block of Gold$() でさらに改良することで、そのストレージ容量を再び 4 倍にする方法を見つけました。"
    },
    {
      "type": "bloodmagic:crafting_soulforge",
      "heading": "Common Tartaric Gem",
      "recipe": "bloodmagic:soulforge/commontartaricgem",
      "text": "この複雑な宝石には、なんと 1,024 個の$(l:bloodmagic:demon_will/will_manipulation/demon_will)Will$() を収納できます。"
    },
    {
      "type": "patchouli:text",
      "text": "$(item)Common Tartaric Gem$() の作成では明らかに自分自身を上回りましたが、できることはまだあると感じています。ただし、宝石をさらに活用するには、これまでのすべての作業の集大成が必要です。$(l:bloodmagic:altar/slates)Demonic Slate$() が必要なだけでなく、$(l:bloodmagic:utility/alchemical_reaction_chamber#blood_shard)Weak Blood Shard$()$(o)および $()$(l:bloodmagic:demon_will/will_manipulation/crystallized_will)Demon Will Crystal$() も必要です。もちろん、それに見合った報酬が付属し、これまでに見たことのないような$(l:bloodmagic:demon_will/demonic_items/sentient_tools)Sentient Tools$() を強化します..."
    },
    {
      "type": "bloodmagic:crafting_soulforge",
      "heading": "Greater Tartaric Gem",
      "recipe": "bloodmagic:soulforge/greatertartaricgem",
      "text": "この傑作は、驚異的な 4,096$(l:bloodmagic:demon_will/will_manipulation/demon_will)Will$() を保持できます。"
    },
    {
      "type": "patchouli:text",
      "flag": "mod:curios",
      "text": "$(thing)Curios API$() がインストールされているので、$(item)Tartaric Gems$() をネックレスとして装備できます。一度にさらに多くの骨董品を着用したい場合は、$(l:bloodmagic:alchemy_array/sigil/holding)Sigil of Holding$()、または$(l:bloodmagic:alchemy_array/living_equipment/living_basics)Living Armour$() の$(l:bloodmagic:alchemy_array/living_equipment/armor_upgrades/curios_sockets)Socketed Upgrade$() の使用を検討してください。"
    }
  ]
}