{
  "name": "ヘルファイアフォージ",
  "icon": "bloodmagic:soulforge",
  "category": "bloodmagic:demon_will/will_manipulation",
  "pages": [
    {
      "type": "patchouli:text",
      "text": "$(item)He​​llfire Forge$() は、$(l:bloodmagic:altar/blood_altar)Blood Altar$(/l)自体と並んで、$(blood)Blood Magic$() の中核となる作成メカニズムの 1 つです。ここでは、Mob から収集した$(l:bloodmagic:demon_will/will_manipulation/demon_will)Demon Will$() を使用して、$(l:bloodmagic:demon_will/demonic_items/sentient_sword)Sentient Sword$()、$(l:bloodmagic:demon_will/will_manipulation/soul_gem)Tartaric Gems$()、さまざまな$(item)試薬$()、$(l:bloodmagic:alchemy_array/functional_arrays/arcane_ash)Arcane Ash$() など、$(l:bloodmagic:demon_will/demonic_items/sentient_tools)Sentient Tools$() を作成できます。"
    },
    {
      "type": "patchouli:crafting",
      "recipe": "bloodmagic:soul_forge"
    }
  ]
}