{
  "name": "意志触媒",
  "icon": "bloodmagic:rawcatalyst",
  "category": "bloodmagic:demon_will/will_manipulation",
  "pages": [
    {
      "type": "patchouli:text",
      "text": "$(raw)Demon Will$() には欠点が 1 つあるとすれば、それは、収集が遅くて退屈なプロセスであることです。ほぼ満杯の$(l:bloodmagic:demon_will/will_manipulation/soul_gem)Tartaric Gem$() と$(l:bloodmagic:demon_will/demonic_items/sentient_sword)Sentient Sword$() を$(thing)Looting III$() でエンチャントし、さらに$(l:bloodmagic:alchemy_table/anointments/looting_anointment)Plunderer's Glint II$() でバフしたとしても、それでも手作業のプロセスであり、クモをはね飛ばしたりスケルトンを倒したりするよりも、自分の天才を活かす方が良いことがあります。"
    },
    {
      "type": "patchouli:text",
      "text": "幸いなことに、この手順を完全に自動化することが可能であるため、悪の帝国を拡大するためにより多くの時間を費やすことができます。(または、希望に応じてビートの栽培に戻ります。)$(br2)最初のステップは、$(l:bloodmagic/demon_will/will_manipulation/crystallized_will)ウィル クリスタル$() を入手することです。同じ種類のクリスタルが 4 つある限り、$(raw)Raw$()、$(steadfast)Steadfast$()、$(destructive)Destructive$()、$(vengeful)Vengeful$()、または$(corrosive)Corrosive$() など、どの種類でも使用できます。"
    },
    {
      "type": "bloodmagic:3x_crafting_soulforge",
      "a.heading": "Raw Crystal Cluster",
      "a.recipe": "bloodmagic:soulforge/raw_crystal_block",
      "b.heading": "Steadfast Cluster",
      "b.recipe": "bloodmagic:soulforge/steadfast_crystal_block",
      "c.heading": "Destructive Cluster",
      "c.recipe": "bloodmagic:soulforge/destructive_crystal_block"
    },
    {
      "type": "bloodmagic:2x_crafting_soulforge",
      "a.heading": "Vengeful Cluster",
      "a.recipe": "bloodmagic:soulforge/vengeful_crystal_block",
      "b.heading": "Corrosive Cluster",
      "b.recipe": "bloodmagic:soulforge/corrosive_crystal_block"
    },
    {
      "type": "patchouli:text",
      "text": "このクラスターを取得したら、それを任意のチャンクに配置し、一致するタイプの意志をチャンクに提供して待ちます。最終的には、$(l:bloodmagic:demon_will/will_manipulation/crystallized_will)Demon Crystallizer$() の上にクラスターが成長するように、新しい尖塔が成長します。$(br2)$(l:bloodmagic:rituals/ritual_list/ritual_crystal_harvest)破砕された Crystal$() の儀式を使用してこれらの追加の尖塔を破壊すること、および$(l:bloodmagic:rituals/ritual_list/ritual_zephyr)Call of the Zephyr$() を使用して結果として得られるクリスタルの収集を自動化することもできます。"
    },
    {
      "type": "patchouli:text",
      "text": "基本的な$(l:bloodmagic:demon_will/item_routing/routing_nodes)ルーティング ノード システム$() を使用すると、これらの余分なクリスタルを$(l:bloodmagic:demon_will/will_manipulation/crystallized_will)Demon Crucible$() にフィードバックして、完全に自動化されたネットポジティブ ループを実現することもできます。$(br2)ただし、少し問題があることに気づいたかもしれません - このセットアップは遅いです。とても、とても遅いです。各クリスタルは数分に 1 回だけ新しい尖塔を発芽させます。生成するには、それを燃やすことで得られる意志とほぼ同じ量の意志が必要です。平均すると、1 つの尖塔あたり約 1 意志が生成されます。"
    },
    {
      "type": "bloodmagic:3x_crafting_soulforge",
      "a.heading": "Raw Will Catalyst",
      "a.recipe": "bloodmagic:soulforge/raw_catalyst",
      "b.heading": "Steadfast Will Catalyst",
      "b.recipe": "bloodmagic:soulforge/steadfast_catalyst",
      "c.heading": "Destructive Will Catalyst",
      "c.recipe": "bloodmagic:soulforge/destructive_catalyst"
    },
    {
      "type": "bloodmagic:2x_crafting_soulforge",
      "a.heading": "Vengeful Will Catalyst",
      "a.recipe": "bloodmagic:soulforge/vengeful_catalyst",
      "b.heading": "Corrosive Will Catalyst",
      "b.recipe": "bloodmagic:soulforge/corrosive_catalyst"
    },
    {
      "type": "patchouli:text",
      "text": "幸いなことに、ここで私たちの新しい友達、$(item)Will Catalysts$() が介入します。これらの Catalyst の 1 つを保持しながら、同じタイプの$(thing)Crystal Cluster$() 上で [$(k:use)] を押すだけで、その成長を加速できます。各触媒は、尖塔の成長に必要な意志の量を 45 からわずか 25 に減らし、成長を 10 倍スピードアップします。各投与量は 10 個の尖塔に相当する成長に適しており、触媒ごとに 200 の意志の正味ボーナスが得られます。"
    },
    {
      "type": "patchouli:text",
      "text": "クラスターを 2 倍投与することもできますが、これにより効果が持続するのは 10 回ではなく 20 回の成長の間だけであり、他の利点はありません。$(br2)もちろん、抜け目のないサンギマンサーなら、これによって、走り回って剣でモンスターを倒すという手作業の問題が、走り回って触媒でクリスタルを倒すという別の問題に置き換わることに気づいたでしょう。"
    },
    {
      "type": "patchouli:text",
      "text": "幸いなことに、そのための儀式もあります。$(l:bloodmagic:rituals/ritual_list/ritual_crystal_catalyst)見捨てられた魂の集まり$() は、その効果範囲内のクリスタルに自動的に触媒を適用します。いくつかのファームと非常に非常に賢い$(thing)Routing Node$() セットアップを使用すると、上から下まですべてを自動化できます...しかし、彼らが言うように、それは読者のための演習として残されています。"
    }
  ]
}