{
  "name": "Battle Hungry",
  "icon": "minecraft:rotten_flesh",
  "category": "bloodmagic:alchemy_array/living_equipment/armor_downgrades",
  "pages": [
    {
      "type": "patchouli:text",
      "text": "Gives you hunger if you haven't attacked something recently. Higher levels give you a shorter cooldown window and make the hunger worse."
    },
    {
      "type": "bloodmagic:living_armour_downgrade",
      "a.recipe": "bloodmagic:downgrade/battle_hungry",
      "b.upgrade": "bloodmagic:battle_hungry"
    }
  ]
}