{
  "name": "Crippled Arm",
  "icon": "minecraft:shield",
  "category": "bloodmagic:alchemy_array/living_equipment/armor_downgrades",
  "pages": [
    {
      "type": "patchouli:text",
      "text": "Effect: Prevents you from using your offhand item. This includes placing torches, raising your shield, etc."
    },
    {
      "type": "bloodmagic:living_armour_downgrade",
      "a.recipe": "bloodmagic:downgrade/crippled_arm",
      "b.upgrade": "bloodmagic:crippled_arm"
    }
  ]
}