{
  "name": "錬金術テーブル",
  "icon": "bloodmagic:alchemytable",
  "category": "bloodmagic:alchemy_table",
  "pages": [
    {
      "type": "patchouli:text",
      "text": "$(item)Alchemy Table$() は、$(l:bloodmagic:altar/soul_network)ソウル ネットワーク$(/l)からの$(blood)LP$() を使用してアイテムを作成します。使用される$(thing)Soul Network$() と利用可能なレシピの Tier は、GUI の右側に挿入された$(item)Blood Orb$() によって決まります。$(br2)$(item)Alchemy Table$() は、いくつかの$(6)Blood Magic$() コンポーネントを作成するために使用され、一部のバニラ アイテムの代替レシピも提供します。"
    },
    {
      "type": "patchouli:crafting",
      "recipe": "bloodmagic:alchemy_table",
      "text": "この本 (または$(thing)JEI$()) で$(item)Alchemy Table$() のレシピを見るときは、「LP」ラベルの付いた矢印の上にカーソルを置くと、時間、$(blood)LP$() ドレイン、および Tier 情報が表示されます。"
    },
    {
      "type": "patchouli:image",
      "images": [
        "bloodmagic:images/entries/alchemy_table/alchemy_table_gui.png"
      ],
      "title": "錬金術テーブル GUI",
      "border": true,
      "text": "これらのボタンを使用して、錬金術テーブルを挿入または抽出できます。"
    },
    {
      "type": "patchouli:text",
      "text": "$(item)Alchemy Table$() の右側には多数のボタンがあります。これらは、順に、$(bold)D$()own、$(bold)U$()p、$(bold)N$()orth、$(bold)S$()out、$(bold)W$()est、$(bold)E$()ast です。それらを使用するには、まず錬金術テーブルの任意のスロットをクリックします。(ここでは、デモ用に中央の「完成品」スロットを選択しました。) 次に、これら 6 つのボタンのいずれかをクリックして、$(item)Alchemy Table$() が$(item)Hoppers$()、パイプ、またはその他のこの面からの外部干渉を許可するかどうかを切り替えます。テーブルの通常の機能に戻すには、"
    },
    {
      "type": "patchouli:text",
      "text": "スロットをもう一度クリックするだけで選択が解除されます。スロットに表示されるアイコンは、入力を受け入れているか出力を提供しているかを示します。この例の図では、$(bold)D$() 自身のスロット上でのみ中央スロットからパイプを取得できるようにしており、他の側からアイテムを抽出しようとしても成功しません。"
    },
    {
      "type": "patchouli:image",
      "images": [
        "bloodmagic:images/entries/alchemy_table/alchemy_table_orb_error.png",
        "bloodmagic:images/entries/alchemy_table/alchemy_table_soul_error.png"
      ],
      "title": "錬金術テーブルのエラー",
      "anchor": "errors",
      "border": true,
      "text": "何かが間違っている場合は、錬金術テーブルが教えてくれます。"
    },
    {
      "type": "patchouli:text",
      "text": "錬金術テーブルでレシピが機能しない最も一般的な理由は次の 2 つです:$(li)$(bold)Orb Error$(): 関連するスロットに Blood Orb が存在しないか、使用しようとしている Orb がこのレシピに十分なレベルではありません。$(li)$(bold)ソウル ネットワーク エラー$(): オーブは有効なレベルですが、オーブを自分にバインドしていないか (オーブを保持しながら右クリック)、ソウル ネットワークに十分な LP がありません。$(br2)次のページには、現在 Alchemy Table で利用できる多数のレシピが記載されています。"
    },
    {
      "type": "bloodmagic:3x_crafting_alchemy_table",
      "a.heading": "Grass",
      "a.recipe": "bloodmagic:alchemytable/grass_block",
      "b.heading": "Leather",
      "b.recipe": "bloodmagic:alchemytable/leather_from_flesh",
      "c.heading": "Bread",
      "c.recipe": "bloodmagic:alchemytable/bread"
    },
    {
      "type": "bloodmagic:3x_crafting_alchemy_table",
      "a.heading": "Clay",
      "a.recipe": "bloodmagic:alchemytable/clay_from_sand",
      "b.heading": "String",
      "b.recipe": "bloodmagic:alchemytable/string",
      "c.heading": "Cobweb",
      "c.recipe": "bloodmagic:alchemytable/cobweb"
    },
    {
      "type": "bloodmagic:3x_crafting_alchemy_table",
      "a.heading": "Plant Oil",
      "a.recipe": "bloodmagic:alchemytable/plantoil_from_wheat",
      "b.recipe": "bloodmagic:alchemytable/plantoil_from_carrots",
      "c.recipe": "bloodmagic:alchemytable/plantoil_from_taters"
    },
    {
      "type": "bloodmagic:3x_crafting_alchemy_table",
      "a.heading": "Plant Oil Cont.",
      "a.recipe": "bloodmagic:alchemytable/plantoil_from_beets",
      "b.heading": "Coal Sand",
      "b.recipe": "bloodmagic:alchemytable/sand_coal",
      "c.heading": "Explosive Powder",
      "c.recipe": "bloodmagic:alchemytable/explosive_powder"
    },
    {
      "type": "bloodmagic:3x_crafting_alchemy_table",
      "a.heading": "Flint",
      "a.recipe": "bloodmagic:alchemytable/flint_from_gravel",
      "b.heading": "Saltpeter",
      "b.recipe": "bloodmagic:alchemytable/saltpeter",
      "c.heading": "Gunpowder",
      "c.recipe": "bloodmagic:alchemytable/gunpowder"
    },
    {
      "type": "bloodmagic:2x_crafting_alchemy_table",
      "a.heading": "Lava Bucket",
      "a.recipe": "bloodmagic:alchemytable/sigil_lava_bucket",
      "b.heading": "Water Bucket",
      "b.recipe": "bloodmagic:alchemytable/sigil_water_bucket"
    },
    {
      "type": "patchouli:text",
      "text": "$(l:bloodmagic:alchemy_array/sigil/lava)Lava$() および$(l:bloodmagic:alchemy_array/sigil/water)Water Sigils$() は、これらのレシピのどちらでも消費されません。さらに、$(item)Water Sigil$() は、Alchemy Table Recipe の$(water)Water Bucket$() の代わりに使用できます。"
    }
  ]
}