{
  "name": "油塗り",
  "icon": "bloodmagic:melee_anointment",
  "category": "bloodmagic:alchemy_table",
  "pages": [
    {
      "type": "patchouli:text",
      "text": "$(item)Anointments$() は本質的に、ツール、武器、さらには$(l:bloodmagic:demon_will/demonic_items/explosive_charges)Charges$() のための$(item)ポーション $() です。$(item)anointment$() を片手に [$(k:use)] を押すと、可能であればもう一方の手のアイテムに適用されます。すべての聖油がすべての装備に効果があるわけではありません。$(br2)$(item)ポーション $() とは異なり、$(item)アノイントメント $() には時間が設定されません。むしろ、道具や武器を使用するにつれて、少しずつ磨耗します。"
    },
    {
      "type": "bloodmagic:crafting_alchemy_table",
      "heading": "Slate-infused Vial",
      "recipe": "bloodmagic:alchemytable/slate_vial",
      "text": "頑丈なバイアルで、他の方法では入れられない混合物を入れることができます。"
    }
  ]
}