{
  "name": "ポーションの作成",
  "icon": "bloodmagic:alchemy_flask",
  "category": "bloodmagic:alchemy_table",
  "pages": [
    {
      "type": "patchouli:text",
      "text": "$(thing)Potion Crafting$() の基本は、世界中で広く知られています。一般的な聖職者や魔女でさえ、醸造の基本をしっかりと理解しています。セミレアな材料をいくつか用意し、適切な割合で混ぜ合わせ、結果を消費するか（必要に応じて鼻を押さえながら）、敵に投げます。"
    },
    {
      "type": "patchouli:text",
      "text": "ただし、$(blood)Life Essence$() といくつかの率直に言って独創的な Sanguimancy の追加により、練習を大幅に強化できるようになりました。$(br2)普通の$(item)ガラス瓶$() にあなたの力を注入することで、一口よりもはるかに多くの液体を保持できるようになり、さまざまな$(item)触媒$() を使用して、混濁したり相殺されたりすることなく、1 つのフラスコで複数の効果を組み合わせる方法を発見しました。"
    },
    {
      "type": "bloodmagic:crafting_altar",
      "heading": "Alchemy Flask",
      "recipe": "bloodmagic:altar/alchemy_flask",
      "text": "頑丈なフラスコで、どんな小さなボトルよりもはるかに容量があります。"
    },
    {
      "type": "patchouli:text",
      "text": "もちろん、どんなに高級なボトルであっても、中に詰めるものがなければほとんど役に立ちません。$(br2)$(l:bloodmagic:alchemy_table/potion_flasks/vanilla/water_breathing)水中呼吸$()、$(l:bloodmagic:alchemy_table/potion_flasks/vanilla/regeneration)再生$()、$(l:bloodmagic:alchemy_table/potion_flasks/vanilla/night_vision)暗視$() などのよく知られた$(thing)エフェクト $() に加えて、$(l:bloodmagic:alchemy_table/potion_flasks/blood_magic/flight)Flight$()、$(l:bloodmagic:alchemy_table/potion_flasks/blood_magic/obsidian_cloak)Obsidian Cloak$()、さらには$(l:bloodmagic:alchemy_table/potion_flasks/blood_magic/passive)Passive$() など、その他のより特殊なレシピも完成させました。これらのポーションやその他多くのポーションについては、本書の後半で詳しく説明します。"
    },
    {
      "type": "patchouli:crafting",
      "recipe": "bloodmagic:alchemy_flask",
      "text": "どの種類の錬金術フラスコも使い終わったら、洗い流して水を補充するだけで、新しい新しいフラスコを使用できるようになります。$(br2)フラスコには、$(thing)Splash$() および$(thing)Lingering Potion$() に相当するものもあります。"
    },
    {
      "type": "bloodmagic:2x_crafting_flask",
      "a.heading": "Splash Alchemy Flask",
      "a.recipe": "bloodmagic:flask/flask_splash",
      "b.heading": "Lingering Alchemy Flask",
      "b.recipe": "bloodmagic:flask/flask_lingering",
      "text": "フラスコには、裏面にあるように、$(thing)Splash$() および$(thing)Lingering Potion$() に相当するものもあります。"
    },
    {
      "type": "patchouli:text",
      "text": "単一の$(item)Flask$() で複数の$(thing)エフェクト $() を作成できる機能について私が言及したことを覚えているかもしれません。幸いなことに、このプロセスはこれ以上に簡単ではありません。ポーションを醸造し、2回目の醸造で空のフラスコの代わりに結果として得られたフラスコを使用するだけです。たとえば、$(l:bloodmagic:alchemy_table/potion_flasks/blood_magic/bounce)Bounce$() のフラスコを作成し、そのフラスコを$(l:bloodmagic:alchemy_table/potion_flasks/vanilla/night_vision)Night Vision$() のフラスコの材料として使用した場合、一口飲むたびに$(l:bloodmagic:alchemy_table/potion_flasks/blood_magic/bounce)Bounce$() と$(l:bloodmagic:alchemy_table/potion_flasks/vanilla/night_vision)Night Vision$() が得られる 8 回分のフラスコが完成します。"
    },
    {
      "type": "patchouli:text",
      "text": "次に、$(item)Catalysts$() があります。触媒にはいくつかの種類があり、それぞれ異なる効果があります。そのため、最も単純な 3 つから始めましょう -$(item)Simple Catalyst$()、$(item)Small Power Catalyst$()、および$(item)Small Longening Catalyst$()。これらのうち、最初のものは最も簡単です。これは、$(item)Nether Wart$() が標準のポーションに対して行うのと同じように、ほぼすべての錬金術ポーションのベースを提供します。"
    },
    {
      "type": "bloodmagic:crafting_alchemy_table",
      "heading": "Simple Catalyst",
      "recipe": "bloodmagic:alchemytable/simple_catalyst",
      "text": "ほぼあらゆるエフェクトの優れたベースです。たくさん欲しくなるので、ストックしておきましょう。"
    },
    {
      "type": "bloodmagic:crafting_alchemy_table",
      "heading": "Small Power Catalyst",
      "recipe": "bloodmagic:alchemytable/mundane_power",
      "text": "パワー触媒は、フラスコ内の最上位の効果の効力を増加させますが、効果の持続時間は減少します。これは、より標準的なポーションの$(item)Glowstone$() にほぼ似ています。最後に適用された効果が触媒を受け入れることができない場合、上から 2 番目の効果を強化しようとします。"
    },
    {
      "type": "bloodmagic:crafting_alchemy_table",
      "heading": "Small Lengthening Catalyst",
      "recipe": "bloodmagic:alchemytable/mundane_lengthening",
      "text": "触媒を長くすると、フラスコ内の一番上の効果の持続時間が長くなります。これは、より標準的なポーションの$(item)Redstone$() にほぼ似ています。最後に適用された効果が触媒を受け入れることができない場合、上から 2 番目の効果を強化しようとします。"
    },
    {
      "type": "bloodmagic:crafting_alchemy_table",
      "heading": "Combinational Catalyst",
      "recipe": "bloodmagic:alchemytable/combinational",
      "text": "$(item)Combinational Catalysts$() はもう少しニッチです。2 つの定義された効果を受け取り、そこから 3 番目の関連する効果を合成します。たとえば、$(l:bloodmagic:alchemy_table/potion_flasks/blood_magic/suspended)Suspended$() と$(l:bloodmagic:alchemy_table/potion_flasks/vanilla/levitation)Levitation$() を備えたフラスコは、この触媒で醸造すると、$(l:bloodmagic:alchemy_table/potion_flasks/blood_magic/flight)Flight$() のフラスコが生成されます。"
    },
    {
      "type": "bloodmagic:crafting_alchemy_table",
      "heading": "Weak Filling Agent",
      "recipe": "bloodmagic:alchemytable/weak_filling",
      "text": "充填剤は、効果の一部を失うことを犠牲にして、フラスコの内容を更新するために使用できます。弱い充填剤は、フラスコの最上位の効果のみを保持できます。別の効果を保持したい場合は、$(item)Simple Cycling Catalyst.$() の使用を検討してください。"
    },
    {
      "type": "bloodmagic:crafting_alchemy_table",
      "heading": "Simple Cycling Catalyst",
      "recipe": "bloodmagic:alchemytable/cycling_catalyst",
      "text": "Cycling Catalyst を使用すると、Flask 内の効果の順序を変更できるため、別の Catalyst または Agent によってどの効果が変更されるかを変更できます。"
    },
    {
      "type": "patchouli:text",
      "title": "ポーションクラフト 201",
      "anchor": "average_potions",
      "text": "これまでに作成したポーションだけでは十分ではない場合は、少し探索する必要があるかもしれません?$(item)Glow berries$()、$(item)Cobbled Deepslate$()、および$(l:bloodmagic:dungeons/demonite)He​​llforged Sand$() を振りかけると、フラスコの持続時間とパワーを大幅に高めることができます。"
    },
    {
      "type": "bloodmagic:crafting_alchemy_table",
      "heading": "Strengthened Catalyst",
      "recipe": "bloodmagic:alchemytable/strengthened_catalyst",
      "text": "より強力な触媒のためのより強力な塩基。"
    },
    {
      "type": "bloodmagic:crafting_alchemy_table",
      "heading": "Standard Lengthening",
      "recipe": "bloodmagic:alchemytable/average_lengthening",
      "text": "標準延長触媒は、一番上の効果の持続時間を 3:00 から 21:20 に延長します。これに、各フラスコで提供される 8 回分の投与量を掛けると、非常に長い時間になります。"
    },
    {
      "type": "bloodmagic:crafting_alchemy_table",
      "heading": "Standard Power Catalyst",
      "recipe": "bloodmagic:alchemytable/average_power",
      "text": "Standard Power Catalyst は Small Power Catalyst の強化版で、フラスコ内で最大レベル III のポーション効果を得ることができると同時に、1 回の投与につき持続時間をわずか 45 秒に短縮します。"
    }
  ]
}