{
  "name": "Your First Will",
  "icon": "bloodmagic:soulsnare",
  "category": "bloodmagic:demon_will/will_manipulation",
  "priority": "true",
  "pages": [
    {
      "type": "bloodmagic:crafting_altar",
      "heading": "Soul Snare",
      "recipe": "bloodmagic:altar/soul_snare",
      "text": "$(item)Soul Snares$() are your gateway into the $(l:bloodmagic:demon_will/will_manipulation/demon_will)Demon Will$() portion of $(blood)Blood Magic$()."
    },
    {
      "type": "patchouli:text",
      "text": "Using the $(item)Snare$() is simple enough - craft a good quantity of them and throw them at $(thing)hostile mobs$(). White particle effects will appear around them; then it's time to go in for the kill. On death, they will drop a $(l:bloodmagic:demon_will/will_manipulation/demon_will)Demon Will$(). Before you ask, yes, the Looting enchantment will increase the amount of $(raw)Will$() dropped. Once you've gathered a couple, you can get to work on crafting yourself a $(l:bloodmagic:demon_will/demonic_items/sentient_sword)Sentient Sword$() and a $(l:bloodmagic:demon_will/will_manipulation/soul_gem)Tartaric Gem$() - these will make collecting $(l:bloodmagic:demon_will/will_manipulation/demon_will)Demon Will$() much easier."
    },
    {
      "type": "patchouli:image",
      "images": [
        "bloodmagic:images/entries/demon_will/snare_particles.png"
      ],
      "title": "Snare on Skeleton",
      "border": true,
      "text": "A skeleton with white particles after hit by a snare."
    }
  ]
}
