{
  "name": "Brilliance",
  "icon": "minecraft:diamond",
  "category": "bloodmagic:alchemy_array/living_equipment/armor_upgrades",
  "pages": [
    {
      "type": "bloodmagic:crafting_alchemy_table",
      "heading": "Brilliance",
      "recipe": "bloodmagic:alchemytable/upgrade_brilliance",
      "text": "Effect: Improves your armour defence. Caps out at +5 Armour and +8 Toughness. $(br2)Trained by: crafting a living tome in the Alchemy Table. Each tome adds 1 level of Brilliance. $(br2)Maximum level: 5"
    },
    {
      "type": "bloodmagic:living_armour_upgrade_table",
      "upgrade": "bloodmagic:diamond_protect"
    }
  ]
}