{
  "name": "Repair",
  "icon": "minecraft:anvil",
  "category": "bloodmagic:alchemy_array/living_equipment/armor_upgrades",
  "pages": [
    {
      "type": "patchouli:text",
      "text": "Effect: Repairs a random piece of worn armour every 100 ticks $(br2)Trained by: repairing your chestplate (in an anvil, with the $(thing)Mending$() enchantment, etc). $(br2)Maximum level: 1"
    },
    {
      "type": "bloodmagic:living_armour_upgrade_table",
      "upgrade": "bloodmagic:repair"
    }
  ]
}