{
  "name": "Tough Palms",
  "icon": "bloodmagic:sacrificialdagger",
  "category": "bloodmagic:alchemy_array/living_equipment/armor_upgrades",
  "pages": [
    {
      "type": "patchouli:text",
      "text": "Effect: Grants a bonus to Self Sacrifice, up to an additional 150%. $(br2)Trained by: Sacrificing Blood with the Sacrificial Knife. $(br2)Maximum level: 10"
    },
    {
      "type": "bloodmagic:living_armour_upgrade_table",
      "upgrade": "bloodmagic:self_sacrifice"
    }
  ]
}