{
  "name": "エアシジル",
  "icon": "bloodmagic:airsigil",
  "category": "bloodmagic:alchemy_array/sigil",
  "pages": [
    {
      "type": "patchouli:text",
      "text": "1 回の使用につき$(blood)50 LP$() のコストで、向いている方向にあなたを投げます。これはフェザーフォール効果を提供しないことに注意してください。そのため、着地するときは注意してください。多少のリスクはありますが、素早く移動するには良い方法です。不注意な魔術師の多くは、田舎の上空を何マイルも飛んでいる間に、$(l:bloodmagic:altar/soul_network)ソウル ネットワーク$() の$(blood)LP$() を使い果たして最期を迎えました。"
    },
    {
      "type": "bloodmagic:crafting_2-step_sigil",
      "alchemy_table.heading": "Air Reagent",
      "alchemy_table.recipe": "bloodmagic:alchemytable/reagent_air",
      "array.heading": "Air Sigil",
      "array.recipe": "bloodmagic:array/airsigil",
      "array.text": "$(italic)I feel lighter already...$()"
    }
  ]
}