{
  "name": "ブラッドランプの印章",
  "icon": "bloodmagic:bloodlightsigil",
  "category": "bloodmagic:alchemy_array/sigil",
  "pages": [
    {
      "type": "patchouli:text",
      "text": "$(item)Sigil of the Blood Lamp$() は、鉱山労働者、ダンジョンの探索者、または暗い斑点を好まず、松明やグロウストーンのブロックが邪魔だと感じるサンギマンサーにとって便利なツールです。この印章を使用すると、あなたが向いている方向にブラッド ライトを発射します。ブロックに当たると、$(blood)10 LP$() のコストで、ほぼ目に見えない光源が生成されます。"
    },
    {
      "type": "bloodmagic:crafting_2-step_sigil",
      "alchemy_table.heading": "Blood Lamp Reagent",
      "alchemy_table.recipe": "bloodmagic:alchemytable/reagent_blood_light",
      "array.heading": "Sigil of the Blood Lamp",
      "array.recipe": "bloodmagic:array/bloodlightsigil",
      "array.text": "$(italic)I see a light!"
    }
  ]
}