{
  "name": "占いの印章",
  "icon": "bloodmagic:divinationsigil",
  "category": "bloodmagic:alchemy_array/sigil",
  "pages": [
    {
      "type": "patchouli:text",
      "text": "$(item)Divination Sigil$() はおそらく、Blood Magic で作成したい多くの印章の最初のものでしょう。シジルを作成するには、$(l:bloodmagic:alchemy_array/functional_arrays/arcane_ash)Alchemy Array$(/l)を作成し、$(item)Redstone Dust$() と$(item)Blank Slate$() をそれぞれベース アイテムと触媒アイテムとして使用する必要があります。"
    },
    {
      "type": "bloodmagic:crafting_array",
      "heading": "Divination Sigil",
      "recipe": "bloodmagic:array/divinationsigil",
      "text": "$(italic)魂を覗き込んでください。"
    },
    {
      "type": "patchouli:image",
      "images": [
        "bloodmagic:images/entries/sigil/divination_sigil.png"
      ],
      "title": "占いの印章配列",
      "border": true,
      "text": "占いの印章、そのクラフト配列の隣。"
    },
    {
      "type": "patchouli:text",
      "text": "占いの印章には主に 2 つの用途があります:$(br)$(li)プレイヤーがバインドされた印章で空中を狙っているときに [$(k:use)] を押すと、所有者の$(l:bloodmagic:altar/soul_network)ソウル ネットワークにある$(blood)LP$() の量が表示されます。$(/l)$(li)$(l:bloodmagic:altar/blood_altar)血の祭壇$(/l)で [$(k:use)] を押すと、プレイヤーに祭壇の現在の Tier、祭壇に保管されている$(blood)Life Essence$() の量、および現在の最大容量が表示されます。$(item)占いの印章$() を手元に用意しておくと、$(l:bloodmagic:utility/incense_altar)の香壇$() にも役立ちます。"
    },
    {
      "type": "patchouli:image",
      "images": [
        "bloodmagic:images/entries/sigil/divination_sigil_info.png"
      ],
      "title": "占いの印章表示",
      "border": true,
      "text": "占いの印章は、血の祭壇を見ているときにこの HUD を表示します。"
    },
    {
      "type": "patchouli:text",
      "text": "最後に、スニーク キーを押しながら [$(k:use)] を押すと、新しいインターフェイスが開き、Blood Magic から利用可能なすべての HUD 要素が表示されます。要素をクリックしてドラッグすることで、要素を選択して移動できます。要素を放して「保存」をクリックすると、要素の新しい場所が保存されます。$(br2)「デフォルト」を選択すると、要素がデフォルトの位置に戻ります。"
    },
    {
      "type": "patchouli:image",
      "images": [
        "bloodmagic:images/entries/sigil/gui_editing.png"
      ],
      "title": "GUI編集",
      "border": true,
      "text": "Blood Magic のさまざまな GUI 要素。"
    },
    {
      "type": "patchouli:text",
      "text": "要素は、上から下、左から右の順に次のとおりです。$(li)$(l:bloodmagic:utility/incense_altar)お香の祭壇$() (ライトグレー)$(li)$(l:bloodmagic:alchemy_array/sigil/seer)予見者の印章$() (紫)$(li)$(item)占いの印章$() (ラベンダー)$(li)$(l:bloodmagic:demon_will/will_manipulation/aura_gauge)悪魔の意志オーラゲージ$() (オレンジ)$(li)$(l:bloodmagic:alchemy_array/sigil/holding)保持の印章$() (緑)"
    }
  ]
}