{
  "name": "緑の木立の印章",
  "icon": "bloodmagic:growthsigil",
  "category": "bloodmagic:alchemy_array/sigil",
  "pages": [
    {
      "type": "patchouli:text",
      "text": "Green Grove$() の$(item)Sigil は複数の用途があるアイテムです。$(item)Growth Reagent$() と$(item)Reinforced Slate$() を備えたアレイで作成されたシギルは、$(thing)Soul Network$() の$(blood)LP$() を使用して近くの植物に栄養を与え、成長させることができます。"
    },
    {
      "type": "bloodmagic:crafting_2-step_sigil",
      "alchemy_table.heading": "Growth Reagent",
      "alchemy_table.recipe": "bloodmagic:alchemytable/reagent_growth",
      "array.heading": "Sigil of the Green Grove",
      "array.recipe": "bloodmagic:array/growthsigil"
    },
    {
      "type": "patchouli:image",
      "images": [
        "bloodmagic:images/entries/sigil/grove_sigil1.png",
        "bloodmagic:images/entries/sigil/grove_sigil2.png",
        "bloodmagic:images/entries/sigil/grove_sigil3.png"
      ],
      "title": "グリーン グローブ シジル アレイ",
      "border": true,
      "text": "Green Grove の配列の印章とその主な用途。"
    },
    {
      "type": "patchouli:text",
      "text": "$(2)IGrowable$() であるブロック上で [$(k:use)] を押すと、$(blood)150 LP$() を消費しながら骨粉効果が適用されます。$(br2)ただし、空中に照準を合わせながら [$(k:sneak)] と [$(k:use)] を押し続けると、有効化されたことを示すために点灯し、無効化されるまで 5 秒ごとに$(blood)150 LP$() を消費します。プレーヤーを中心とした 7x7x5 の高ボリューム内のすべてのブロックには、成長ティックが適用されます。テイターの養殖に最適です!"
    },
    {
      "type": "patchouli:text",
      "flag": "mod:curios",
      "text": "$(thing)Curios API$() がインストールされているので、この$(item)Sigil$() をチャームとして装備できます。一度にさらに多くの骨董品を着用したい場合は、$(l:bloodmagic:alchemy_array/sigil/holding)Sigil of Holding$()、または$(l:bloodmagic:alchemy_array/living_equipment/living_basics)Living Armour$() の$(l:bloodmagic:alchemy_array/living_equipment/armor_upgrades/curios_sockets)Socketed Upgrade$() の使用を検討してください。"
    }
  ]
}