{
  "name": "シジル・オブ・ホールディング",
  "icon": "bloodmagic:sigilofholding",
  "category": "bloodmagic:alchemy_array/sigil",
  "pages": [
    {
      "type": "patchouli:text",
      "text": "この印章は、一度に最大 5 つの他の$(item)Sigils$() を保持でき、それらの受動的効果を提供し、気まぐれにそれらをアクティブにすることができます。$(br)Sigil を押したまま [$(k:bloodmagic.keybind.open_holding)] を押すとインベントリが開きます。 $()$(br)[$(k:bloodmagic.keybind.cycle_holding_pos)] を押すと順方向に循環し、$() または [$(k:bloodmagic.keybind.cycle_holding_neg)] を押すと逆方向に循環します。$() [$(k:sneak)] を押しながらマウスホイールを使用することもできます。"
    },
    {
      "type": "bloodmagic:crafting_2-step_sigil",
      "alchemy_table.heading": "Holding Reagent",
      "alchemy_table.recipe": "bloodmagic:alchemytable/reagent_holding",
      "array.heading": "Sigil of Holding",
      "array.recipe": "bloodmagic:array/holdingsigil",
      "array.text": "$(italic)Sigil-ception"
    },
    {
      "type": "patchouli:text",
      "flag": "mod:curios",
      "text": "$(thing)Curios API$() がインストールされているので、この$(item)Sigil$() をチャームとして装備できます。一度により多くの骨董品を着用したい場合は、$(l:bloodmagic:alchemy_array/living_equipment/living_basics)Living Armour$() に$(l:bloodmagic:alchemy_array/living_equipment/armor_upgrades/curios_sockets)Socketed Upgrade$() を使用することを検討してください。"
    }
  ]
}