{
  "name": "溶岩の印章",
  "icon": "bloodmagic:lavasigil",
  "category": "bloodmagic:alchemy_array/sigil",
  "pages": [
    {
      "type": "patchouli:text",
      "text": "$(l:bloodmagic:alchemy_array/sigil/water)水の印章$(/l)の姉妹印章。$(item)Lava Sigil$() を押しながら [$(k:use)] を押すと、$(blood)1000 LP$() のコストで$(fire)lava$() のソース ブロックが地面に作成されます。$(item)溶岩試薬$() と$(item)Blank Slate,$() を使用して$(l:bloodmagic:alchemy_array/functional_arrays/arcane_ash)Alchemy Array$(/l)で作成すると、$(l:bloodmagic:altar/soul_network)ソウル ネットワークに十分な LP がない場合、ハートが 5 つ消耗されます。__タグ1__"
    },
    {
      "type": "bloodmagic:crafting_2-step_sigil",
      "alchemy_table.heading": "Lava Reagent",
      "alchemy_table.recipe": "bloodmagic:alchemytable/reagent_lava",
      "array.heading": "Lava Sigil",
      "array.recipe": "bloodmagic:array/lavasigil",
      "array.text": "$(italic)HOT! DO NOT EAT$()"
    },
    {
      "type": "patchouli:image",
      "images": [
        "bloodmagic:images/entries/sigil/lava_sigil1.png",
        "bloodmagic:images/entries/sigil/lava_sigil2.png"
      ],
      "title": "溶岩の印章配列",
      "border": true,
      "text": "溶岩の印章、そのクラフト配列の隣とその主な用途。"
    },
    {
      "type": "bloodmagic:crafting_alchemy_table",
      "heading": "Lava Bucket",
      "recipe": "bloodmagic:alchemytable/sigil_lava_bucket",
      "text": "さらに、$(l:bloodmagic:alchemy_table/alchemy_table)Alchemy Table$() で使用して、$(fire)Lava Buckets$() の製造を自動化することもできます。このレシピではシギルは消費されません。"
    }
  ]
}