{
  "name": "磁力の印章",
  "icon": "bloodmagic:sigilofmagnetism",
  "category": "bloodmagic:alchemy_array/sigil",
  "pages": [
    {
      "type": "patchouli:text",
      "text": "アクティブ時、プレイヤーのアイテム拾い範囲が 7 ブロックに増加します。Sigil を手に持ち、[$(k:sneak)] を押しながら [$(k:use)] を押すと、オン/オフを切り替えます。$(br2)アクティブの間、5 秒ごとに 50$(blood)LP$() を消費します。"
    },
    {
      "type": "bloodmagic:crafting_2-step_sigil",
      "alchemy_table.heading": "Magnetism Reagent",
      "alchemy_table.recipe": "bloodmagic:alchemytable/reagent_magnetism",
      "array.heading": "Sigil of Magnetism",
      "array.recipe": "bloodmagic:array/magnetismsigil"
    },
    {
      "type": "patchouli:text",
      "flag": "mod:curios",
      "text": "$(thing)Curios API$() がインストールされているので、この$(item)Sigil$() をチャームとして装備できます。一度にさらに多くの骨董品を着用したい場合は、$(l:bloodmagic:alchemy_array/sigil/holding)Sigil of Holding$()、または$(l:bloodmagic:alchemy_array/living_equipment/living_basics)Living Armour$() の$(l:bloodmagic:alchemy_array/living_equipment/armor_upgrades/curios_sockets)Socketed Upgrade$() の使用を検討してください。"
    }
  ]
}