{
  "name": "高速鉱夫の印章",
  "icon": "bloodmagic:miningsigil",
  "category": "bloodmagic:alchemy_array/sigil",
  "pages": [
    {
      "type": "patchouli:text",
      "text": "Fast Miner$() の$(item)Sigil は、[$(k:sneak)] および [$(k:use)] を使用してアクティブ化すると、5 秒ごとに$(blood)100 LP$() を消費し、ヘイスト ポーション効果を適用するシジルです。したがって、採掘、掘削、切断の速度が向上します。錬金術配列の$(item)Mining Reagent$() と$(item)Reinforced Slate$() を使用して作成されました。"
    },
    {
      "type": "bloodmagic:crafting_2-step_sigil",
      "alchemy_table.heading": "Mining Reagent",
      "alchemy_table.recipe": "bloodmagic:alchemytable/reagent_fastminer",
      "array.heading": "Sigil of the Fast Miner",
      "array.recipe": "bloodmagic:array/fastminersigil"
    },
    {
      "type": "patchouli:image",
      "images": [
        "bloodmagic:images/entries/sigil/mining_sigil1.png",
        "bloodmagic:images/entries/sigil/mining_sigil2.png"
      ],
      "title": "高速マイナー シジル アレイ",
      "border": true,
      "text": "Fast Miner のアレイの印章とその主な用途。"
    },
    {
      "type": "patchouli:text",
      "flag": "mod:curios",
      "text": "$(thing)Curios API$() がインストールされているので、この$(item)Sigil$() をチャームとして装備できます。一度にさらに多くの骨董品を着用したい場合は、$(l:bloodmagic:alchemy_array/sigil/holding)Sigil of Holding$()、または$(l:bloodmagic:alchemy_array/living_equipment/living_basics)Living Armour$() の$(l:bloodmagic:alchemy_array/living_equipment/armor_upgrades/curios_sockets)Socketed Upgrade$() の使用を検討してください。"
    }
  ]
}