{
  "name": "予見者の印章",
  "icon": "bloodmagic:seersigil",
  "category": "bloodmagic:alchemy_array/sigil",
  "pages": [
    {
      "type": "patchouli:text",
      "text": "$(item)Seer's Sigil$() は、$(l:bloodmagic:alchemy_array/sigil/divination)Divination Sigil$() のより高度な形式です。バインドされたプレイヤーの$(l:bloodmagic:altar/soul_network)ソウル ネットワーク$(/l)の LP 量を表示するだけでなく、$(l:bloodmagic:altar/blood_altar)血の祭壇$(/l)を参照すると、より多くの情報も表示されます。$(br2)$(item)Divination Sigil$() と同様に、GUI の編集にも使用できます。(詳細については、占いの印章のエントリを参照してください)"
    },
    {
      "type": "bloodmagic:crafting_2-step_sigil",
      "alchemy_table.heading": "Sight Reagent",
      "alchemy_table.recipe": "bloodmagic:alchemytable/reagent_sight",
      "array.heading": "Seer's Sigil",
      "array.recipe": "bloodmagic:array/seersigil",
      "array.text": "$(italic)When seeing all is not enough"
    },
    {
      "type": "patchouli:text",
      "text": "上から下まで、次のようになります:$(li)$(l:bloodmagic:altar/blood_altar)血の祭壇$(/l)の現在の階層。$(li)祭壇内の現在の血液の量と祭壇の現在の総容量。(デフォルトは 10,000mb ですが、$(l:bloodmagic:altar/blood_rune/capacity_rune)Runes of Capacity$() および$(l:bloodmagic:altar/blood_rune/aug_capacity_rune)Runes of Augmented Capacity.$()$(li)現在の作成の進行状況 (ある場合)。$(li)LP 消費/ティック - 作成時に祭壇がティックごとに使用する LP 量。$(li)$(l:bloodmagic:altar/blood_rune/charging_rune)充電ルーンの現在の LP ストレージ$()持っているかもしれません。"
    },
    {
      "type": "patchouli:image",
      "images": [
        "bloodmagic:images/entries/sigil/seer_sigil_info.png"
      ],
      "title": "予見者の印章の表示",
      "border": true,
      "text": "予見者の印章は、血の祭壇を見ているときにこの HUD を表示します。"
    }
  ]
}