{
  "name": "抑制の印章",
  "icon": "bloodmagic:sigilofsuppression",
  "category": "bloodmagic:alchemy_array/sigil",
  "pages": [
    {
      "type": "patchouli:text",
      "text": "$(item)Sigil of Suppression$() は、[$(k:use)] を押してアクティブ化すると、ホルダーの半径約 6 ブロック内のすべての液体を一時的に消滅させます。問題の液体から離れると、しばらくすると、まるでそこから離れなかったかのように元に戻ります。これにより、ネザーの溶岩海の探索がはるかに簡単になりますが、このアクティブな状態で深い水たまりに飛び込むことには注意してください。"
    },
    {
      "type": "bloodmagic:crafting_2-step_sigil",
      "alchemy_table.heading": "Suppression Reagent",
      "alchemy_table.recipe": "bloodmagic:alchemytable/reagent_suppression",
      "array.heading": "Sigil of Suppression",
      "array.recipe": "bloodmagic:array/suppressionsigil",
      "array.text": "$(italic)Better than a Void Sigil®!"
    }
  ]
}