{
  "name": "テレポジションシジル",
  "icon": "bloodmagic:telepositionsigil",
  "category": "bloodmagic:alchemy_array/sigil",
  "pages": [
    {
      "type": "patchouli:text",
      "text": "1 回の使用につき$(blood)1000 LP$() のコストで、リンクされた Teleposer にユーザーをテレポートします。シジルを手にテレポーザーを Shift キーを押しながらクリックすると、テレポーザーの位置と寸法が記録され、すぐに家に戻ることができます。$(br2)ただ、誤ってテレポーザーを動かさないようにしてください..."
    },
    {
      "type": "bloodmagic:crafting_2-step_sigil",
      "alchemy_table.heading": "Teleposition Reagent",
      "alchemy_table.recipe": "bloodmagic:alchemytable/reagent_teleposition",
      "array.heading": "Teleposition Sigil",
      "array.recipe": "bloodmagic:array/telepositionsigil",
      "array.text": "$(italic)Now you see me...!$()"
    }
  ]
}