{
  "name": "ヴォイドシギル",
  "icon": "bloodmagic:voidsigil",
  "category": "bloodmagic:alchemy_array/sigil",
  "pages": [
    {
      "type": "patchouli:text",
      "text": "$(item)Void sigil$() は、液体を見ているときに [$(k:use)] を押すと、ブロックごとに 50LP のコストで液体を破壊します。個々のブロックを配置したり破壊したりする面倒な作業を行わずに、うっとうしい溶岩流を一掃するのに適しています。"
    },
    {
      "type": "bloodmagic:crafting_2-step_sigil",
      "alchemy_table.heading": "Void Reagent",
      "alchemy_table.recipe": "bloodmagic:alchemytable/reagent_void",
      "array.heading": "Void Sigil",
      "array.recipe": "bloodmagic:array/voidsigil",
      "array.text": "$(italic)Better than a Swiffer®!"
    }
  ]
}