{
  "name": "水の印章",
  "icon": "bloodmagic:watersigil",
  "category": "bloodmagic:alchemy_array/sigil",
  "pages": [
    {
      "type": "patchouli:text",
      "text": "$(item)Water Sigil$() はかなり単純なシジルです。ブロックを見ながら [$(k:use)] を押すと、$(l:bloodmagic:altar/soul_network)ソウル ネットワーク$(/l)から 100LP を排出して、ワールドに水源ブロックを配置できます。LPが足りないと、逆に体力を消耗してしまいます。$(item)Water Reagent$() と$(item)Blank Slate.$() を使用して作成されました。"
    },
    {
      "type": "bloodmagic:crafting_2-step_sigil",
      "alchemy_table.heading": "Water Reagent",
      "alchemy_table.recipe": "bloodmagic:alchemytable/reagent_water",
      "array.heading": "Water Sigil",
      "array.recipe": "bloodmagic:array/watersigil",
      "array.text": "$(italic)Infinite water, anyone?"
    },
    {
      "type": "patchouli:image",
      "images": [
        "bloodmagic:images/entries/sigil/water_sigil1.png",
        "bloodmagic:images/entries/sigil/water_sigil2.png"
      ],
      "title": "水のシジルアレイ",
      "border": true,
      "text": "水の印章、そのクラフトアレイの隣とその主な用途。"
    },
    {
      "type": "bloodmagic:crafting_alchemy_table",
      "heading": "Water Bucket",
      "recipe": "bloodmagic:alchemytable/sigil_water_bucket",
      "text": "さらに、$(l:bloodmagic:alchemy_table/alchemy_table)Alchemy Table$() で使用して、$(water)Water Buckets$() の生成を自動化することもできます。このレシピではシギルは消費されません。"
    }
  ]
}