{
  "name": "複合アイテムフィルター",
  "icon": "bloodmagic:itemrouterfiltercomposite",
  "category": "bloodmagic:demon_will/item_routing",
  "pages": [
    {
      "type": "patchouli:text",
      "text": "$(item)複合項目 Filter$() は、それ自体では何も行いませんが、別のタイプの$(item)Filter$() と組み合わせると、そのフィルターのルールを適用できるようになります。$(br2)これは、たとえば、エンチャント フィルタの「Any Enchantments」とタグ フィルタの「forge:swords」を使用して、エンチャントされた剣の通過のみを許可できることを意味します。"
    },
    {
      "type": "patchouli:text",
      "text": "$(l:bloodmagic:demon_will/item_routing/standard_item_filter)標準品目 Filter$() と同様に、数量セレクターと許可/拒否関数があります。数量を空白のままにすると、デフォルトで「すべて」になります。他のフィルターと組み合わせると、他のボタンが GUI に表示されます。"
    },
    {
      "type": "bloodmagic:2x_crafting_alchemy_table",
      "a.heading": "Composite Item Filter",
      "a.recipe": "bloodmagic:alchemytable/composite_router_filter",
      "b.heading": "Adding A Tag Filter",
      "b.recipe": "bloodmagic:alchemytable/filter/composite_tag_filter"
    },
    {
      "type": "bloodmagic:2x_crafting_alchemy_table",
      "a.heading": "Adding An Enchant Filter",
      "a.recipe": "bloodmagic:alchemytable/filter/composite_enchant_filter",
      "b.heading": "Adding A Mod Filter",
      "b.recipe": "bloodmagic:alchemytable/filter/composite_mod_filter"
    }
  ]
}