{
  "name": "エンチャントアイテムフィルター",
  "icon": "bloodmagic:itemrouterfilterenchant",
  "category": "bloodmagic:demon_will/item_routing",
  "pages": [
    {
      "type": "patchouli:text",
      "text": "$(item)Enchantments Items Filter$() を使用すると、アイテムが持つ (または持たない)$(thing)Enchantments$() を介してアイテムを並べ替えることができます。特に数量および許可/拒否機能に関しては、$(l:bloodmagic:demon_will/item_routing/standard_item_filter)標準アイテム Filter$() と同様に動作しますが、追加のボタンがいくつかあります。"
    },
    {
      "type": "bloodmagic:crafting_alchemy_table",
      "heading": "Enchantments Item Filter",
      "recipe": "bloodmagic:alchemytable/enchant_router_filter",
      "text": "このレシピにはどんな魔法の本でも使えます。"
    },
    {
      "type": "patchouli:image",
      "images": [
        "bloodmagic:images/entries/routing/enchant_item_filter_gui.png"
      ],
      "title": "エンチャントフィルター GUI",
      "border": true,
      "text": "「許可」ボタンの右側にある 2 つの新しいボタンに注目してください。"
    },
    {
      "type": "patchouli:text",
      "text": "最初のボタンでは、エンチャントされたアイテムの$(thing)すべての Enchantment$()、$(thing)Any Enchantment$()、または$(thing)1 つの特定の Enchantment$() のどれに一致させるかを選択できます。2 番目のボタンでは、レベルに注目するかどうかを指定できます。(例: 「プロテクション III」と「プロテクション」)。$(br2)$(thing)エンチャントされていない item$() をフィルターに挿入すると、$(thing)によるあらゆる種類のエンチャント $() を指定したインベントリに挿入したり、指定したインベントリから削除したりすることを効果的に許可または拒否できます。"
    }
  ]
}