{
  "name": "モジュールアイテムフィルター",
  "icon": "bloodmagic:itemrouterfiltermoditems",
  "category": "bloodmagic:demon_will/item_routing",
  "pages": [
    {
      "type": "patchouli:text",
      "text": "$(item)Mod Items Filter$() を使用すると、さまざまな MOD から最大 9 つのアイテムを選択できます。$(l:bloodmagic:demon_will/item_routing/standard_item_filter)標準品目 Filter$() と同様に、数量セレクターと許可/拒否関数があります。数量を空白のままにすると、デフォルトで「すべて」になります。$(br2)このフィルターに入力した各項目について、$(thing)同じ mod$() の任意の項目が照合されます。"
    },
    {
      "type": "bloodmagic:crafting_alchemy_table",
      "heading": "Mod Item Filter",
      "recipe": "bloodmagic:alchemytable/mod_router_filter",
      "text": "これにより、項目全体を拒否/許可することができます。すべての$(blood)Blood Magic$() アイテムを、ランダムに例を挙げると、独自の超特別なチェストに分類するのに便利です。"
    }
  ]
}