{
  "name": "ノードルーター",
  "icon": "bloodmagic:noderouter",
  "category": "bloodmagic:demon_will/item_routing",
  "priority": "true",
  "pages": [
    {
      "type": "patchouli:text",
      "text": "$(item)Node Router$() は、ノードをネットワークにリンクするために使用されます。その機能は簡単です。ノードを狙いながら [$(k:sneak)] と [$(k:use)] を押したままにし、16 ブロック以内の別のノードに対して同じことを行います。これら 2 つのノードがリンクされました。ノードの選択を解除したい場合は、他のブロックで [$(k:use)] を実行します。詳細については、$(l:bloodmagic:demon_will/item_routing/routing_nodes)Routing Nodes$() のエントリを参照してください。"
    },
    {
      "type": "bloodmagic:crafting_soulforge",
      "heading": "Node Router",
      "recipe": "bloodmagic:soulforge/node_router",
      "text": "$(italic)ちょっと魔法のステッキ。$()"
    }
  ]
}