{
  "name": "ルーティングノード",
  "icon": "bloodmagic:masterroutingnode",
  "category": "bloodmagic:demon_will/item_routing",
  "priority": "true",
  "pages": [
    {
      "type": "patchouli:text",
      "text": "アイテムを手で運ぶのは大丈夫な人もいるかもしれませんが、私たちはサンギマンサーです。さらに、$(raw)Demon Will$() にもアクセスできます!確かに、物事を進めるためのより良い方法があります。$(br2)ということで、$(thing)Routing Nodes$() を思いつきました。これらは、アイテムを輸送、分類、フィルタリングするための強力な方法を提供し、命令に従って魔法のようにアイテムを空中に送ります。"
    },
    {
      "type": "patchouli:text",
      "text": "$(thing)ルーティング ノード ネットワーク$() には、$(item)入力ノード$()、$(item)出力ノード$()、および$(item)マスター ルーティング ノード$() の 3 つの主要コンポーネントがあります。$(br2)すべてのネットワークには$(item)マスター ルーティング ノード$() が 1 つ必要であり、ネットワーク内の他のすべてのノードは、直接または他のノード経由でマスターへのルートを追跡できる必要があります。$(br2)入力ノードと出力ノードは、それぞれ、アクセス可能なインベントリを持つ任意のブロックから項目を引き出したり、挿入したりできます。"
    },
    {
      "type": "bloodmagic:crafting_soulforge",
      "heading": "Master Routing Node",
      "recipe": "bloodmagic:soulforge/master_routing_node",
      "text": "マスター ノードは将来アップグレードを受け入れることができるようになりますが、現時点ではネットワークの制御と指示のみを行い、その「頭脳」として機能します。"
    },
    {
      "type": "patchouli:text",
      "text": "$(item)Master Routing Node$() は十分に優れていますが、他の 2 つのノード タイプがなければ、それ自体は特に役に立ちません。そのため、次にそれらに進みましょう。$(br2)$(item)入力ルーティング ノード$() はアイテムをネットワークに引き込み、$(item)出力ルーティング ノード$() はアイテムを再度エクスポートし、単純な古い$(item)ルーティング ノード$() はネットワークの到達範囲を拡張する役割を果たします。現在、入力ノードと出力ノードはその他の点では同一であるため、特に指定がない限り、入力ルーティング ノードに焦点を当てます。"
    },
    {
      "type": "bloodmagic:crafting_soulforge",
      "heading": "Routing Node",
      "recipe": "bloodmagic:soulforge/routing_node",
      "text": "それ自体では多くのことを行うわけではありませんが、$(thing)Routing Networks$() を単一接続の 16 ブロックの範囲を超えて拡張するために使用できます。"
    },
    {
      "type": "bloodmagic:2x_crafting_soulforge",
      "a.heading": "Input Routing Node",
      "a.recipe": "bloodmagic:soulforge/input_routing_node",
      "b.heading": "Output Routing Node",
      "b.recipe": "bloodmagic:soulforge/output_routing_node"
    },
    {
      "type": "patchouli:text",
      "text": "入力ノードまたは出力ノードを配置すると、自動的に$(thing)すべての隣接するインベントリー$() に接続されますが、その側のスロットの少なくとも 1 つに何らかの種類の$(item)Filter$() がなければ何も実行されません。たとえば、$(item)炉 $() の上に$(item)鉄鉱石 $() に設定された$(l:bloodmagic:demon_will/item_routing/standard_item_filter)標準アイテム フィルタ $() を使用し、炉の側面で石炭に設定された 2 番目のフィルタと、その下の入力ノードを鉄インゴットに設定することができます。"
    },
    {
      "type": "patchouli:image",
      "images": [
        "bloodmagic:images/entries/routing/node_demo.png"
      ],
      "border": true,
      "text": "インワールドの出力ノード。"
    },
    {
      "type": "patchouli:image",
      "images": [
        "bloodmagic:images/entries/routing/node_gui_right.png"
      ],
      "border": true,
      "text": "ノードをセットアップしたら、ノード GUI を開いてみましょう。"
    },
    {
      "type": "patchouli:text",
      "text": "右側には基本的な方向が示されています -$(bold)D$()own、$(bold)U$()p、$(bold)N$()orth、$(bold)S$()out、$(bold)W$()est、$(bold)E$()ast。いくつかのボタンにブロックの小さな絵が表示され、ノードのその側にあるものを表していることに気づくでしょう。GUI は、アタッチされたインベントリに面した側が開き、インベントリが存在しない場合は下に開きます。ボタン自体はプレーヤーが向いている方向に従います。つまり、上のボタンは「進む」、左のボタンは「左」などになります。"
    },
    {
      "type": "patchouli:image",
      "images": [
        "bloodmagic:images/entries/routing/node_gui_left.png"
      ],
      "border": true
    },
    {
      "type": "patchouli:text",
      "text": "左側に、選択した側のフィルターと優先度を挿入するためのスペースが表示されます。数字が大きいほど重要です。$(br2)ノードはサイドごとに 1 つのフィルターを持つことができます。そのため、必要なサイドを選択し、そこにフィルターを配置します。(フィルターの詳細については、「フィルター入門」を参照してください)"
    },
    {
      "type": "patchouli:text",
      "text": "入力ノードと出力ノードがセットアップされ、$(item)マスター ルーティング ノード$() が 1 つだけ含まれるネットワーク内の$(l:bloodmagic:demon_will/item_routing/node_router)ノード ルーター$() を使用してリンクされ、両方のノードにアイテム フィルターが正しい側に挿入されたら、準備完了です。項目は、優先順位とフィルターに含まれるルールに従ってルーティングされます。"
    },
    {
      "type": "patchouli:image",
      "images": [
        "bloodmagic:images/entries/routing/network_demo.png"
      ],
      "border": true,
      "text": "ノードは、$(item)マスター ルーティング ノード$() に直接リンクする必要はなく、ネットワーク上の任意のノードにのみリンクされます。"
    }
  ]
}