{
  "name": "標準アイテムフィルター",
  "icon": "bloodmagic:itemrouterfilterexact",
  "category": "bloodmagic:demon_will/item_routing",
  "pages": [
    {
      "type": "patchouli:text",
      "text": "標準アイテム フィルターを使用すると、$(l:bloodmagic:demon_will/item_routing/routing_nodes)ルーティング ノード$() に挿入されるときに、隣接するインベントリから引き出す、または隣接するインベントリに挿入するアイテムを最大 9 つ選択できます。$(br2)各アイテムには数量があります。これを空白のままにすると、デフォルトで「すべて」になります。$(br2)フィルターには、許可および拒否機能もあります。拒否モードでは、数量は無視されます。"
    },
    {
      "type": "bloodmagic:crafting_alchemy_table",
      "heading": "Standard Item Filter",
      "recipe": "bloodmagic:alchemytable/router_filter",
      "text": "$(br)$(item)入力ルーティング ノード$() で使用される場合、数量は選択した在庫にそのアイテムをいくつ残すかをノードに指示します。この量を超えるものはすべてネットワークにインポートされます。"
    },
    {
      "type": "patchouli:text",
      "text": "$(item)出力ルーティング ノード$() で使用される場合、数量は、選択した在庫にそのアイテムをいくつ入れるかをノードに指示します。この量を超えるものはネットワークに残され、別の有効なインベントリに渡されるか、そのままの場所に残されます。"
    },
    {
      "type": "patchouli:image",
      "images": [
        "bloodmagic:images/entries/routing/standard_item_filter_gui.png",
        "bloodmagic:images/entries/routing/standard_item_filter_mouseover.png"
      ],
      "title": "標準アイテムフィルター GUI",
      "border": true,
      "text": "GUI と、設定されたフィルターのマウスオーバー テキスト。"
    }
  ]
}