{
  "name": "タグアイテムフィルター",
  "icon": "bloodmagic:itemrouterfilteroredict",
  "category": "bloodmagic:demon_will/item_routing",
  "pages": [
    {
      "type": "patchouli:text",
      "text": "$(item)タグ項目フィルター$() を使用すると、最大 9 個の項目を選択し、関連付けられた$(thing)タグ$() でフィルターできます。$(l:bloodmagic:demon_will/item_routing/standard_item_filter)標準品目 Filter$() と同様に、数量セレクターと許可/拒否関数があります。数量を空白のままにすると、デフォルトで「すべて」になります。$(br2)このフィルターに入れるアイテムごとに、$(thing)1 つの特定の tag$() に基づいてアイテムを一致させるか、$(thing)のいずれかのタグ $() に基づいてアイテムを一致させるかを選択できます。"
    },
    {
      "type": "bloodmagic:crafting_alchemy_table",
      "heading": "Tag Item Filter",
      "recipe": "bloodmagic:alchemytable/tag_router_filter",
      "text": "これにより、アイテムのカテゴリを拒否/許可できるため、たとえば、タグ$(thing)forge:ores$() を持つすべてのアイテムが炉に送信されるように指定できます。"
    },
    {
      "type": "patchouli:image",
      "images": [
        "bloodmagic:images/entries/routing/tag_item_filter_gui.png",
        "bloodmagic:images/entries/routing/tag_item_filter_mouseover.png"
      ],
      "title": "タグアイテムフィルターGUI",
      "border": true,
      "text": "GUI と、設定されたフィルターのマウスオーバー テキスト。"
    }
  ]
}