{
  "name": "アップグレード",
  "icon": "bloodmagic:mastercore",
  "category": "bloodmagic:demon_will/item_routing",
  "pages": [
    {
      "type": "patchouli:text",
      "text": "現在、ルーティング ネットワークで使用できる$(thing)Upgrade$() は 1 つだけです。$(br2)$(item)Basic Routing Logic Upgrade$() は、操作ごとに転送されるアイテムの総量を増加させます。(現時点では 1 秒に 1 回)。デフォルトでは、ネットワークは一度に 16 アイテムを転送しますが、それぞれのアイテムでその上限が 8 ずつ引き上げられます。"
    },
    {
      "type": "bloodmagic:crafting_soulforge",
      "heading": "Basic Routing Logic Upgrade",
      "recipe": "bloodmagic:soulforge/master_node_upgrade",
      "text": "これらのアップグレードは 16 までスタックされ、1 秒あたり合計 144 個のアイテムを転送できるようになります。多くの異なる項目を一度に転送する必要がある場合、これを複数のスタックに分割できることに注意してください。"
    }
  ]
}