{
  "name": "印章",
  "description": "$(item)Sigils$() は、$(l:bloodmagic:alchemy_array/functional_arrays/crafting_array)Alchemy Array$()、何らかの形式の$(item)Reagent$()、および$(l:bloodmagic:altar/slates)Slate$() を使用して形成されます。彼らは、あらゆる種類の有用なタスクを実行するために、あなたの$(l:bloodmagic:altar/soul_network)Soul Network$() から$(blood)LP$() を引き出します。",
  "icon": "bloodmagic:divinationsigil",
  "parent": "bloodmagic:alchemy_array",
  "sortnum": 1
}