{
  "name": "インスタントダメージ",
  "icon": "minecraft:iron_sword",
  "category": "bloodmagic:alchemy_table/potion_flasks/vanilla",
  "pages": [
    {
      "type": "patchouli:text",
      "text": "$(thing)インスタント ダメージ$() は、レベルごとに 6 ポイントの$(thing)魔法ダメージ$() をターゲットに与えます。ターゲットが$(thing)Undead$() の場合、代わりにレベルごとに 6 ポイント回復します。$(br2)$(l:bloodmagic:alchemy_table/potion_flasks/vanilla/instant_health)Instant Health$() または$(l:bloodmagic:alchemy_table/potion_flasks/vanilla/poison)Poison$() のポーションから作られます。"
    },
    {
      "type": "bloodmagic:3x_crafting_flask",
      "a.heading": "Damage from Health",
      "a.recipe": "bloodmagic:flask/health_to_harm",
      "b.heading": "Damage from Poison",
      "b.recipe": "bloodmagic:flask/poison_to_harm",
      "c.heading": "Instant Damage II",
      "c.recipe": "bloodmagic:flask/potency_harm"
    },
    {
      "type": "patchouli:text",
      "text": "$(l:bloodmagic:alchemy_table/potions#average_potions)Standard Catalysts$() を追加すると、ポーションをさらに強化できます。"
    },
    {
      "type": "bloodmagic:crafting_flask",
      "heading": "Instant Damage III",
      "recipe": "bloodmagic:flask/potency_average_harm"
    }
  ]
}