{
  "name": "インスタントヘルス",
  "icon": "minecraft:glistering_melon_slice",
  "category": "bloodmagic:alchemy_table/potion_flasks/vanilla",
  "pages": [
    {
      "type": "patchouli:text",
      "text": "$(thing)Instant Health$() は、レベルごとに 4 ポイントでターゲットを回復します。ターゲットが$(thing)Undead$() の場合、代わりにレベルごとに 4 ポイントのダメージを受けます。"
    },
    {
      "type": "bloodmagic:3x_crafting_flask",
      "a.heading": "Instant Health",
      "a.recipe": "bloodmagic:flask/health",
      "b.heading": "Instant Health II",
      "b.recipe": "bloodmagic:flask/potency_health",
      "c.heading": "Instant Health III",
      "c.recipe": "bloodmagic:flask/potency_average_health"
    }
  ]
}