{
  "name": "不可視",
  "icon": "minecraft:glass_pane",
  "category": "bloodmagic:alchemy_table/potion_flasks/vanilla",
  "pages": [
    {
      "type": "patchouli:text",
      "text": "$(thing)Invisibility$() を使用すると、ターゲットが視界から消えて発見されにくくなります。この効果は、$(item)Armour$() や保持されているアイテムには適用されません。これらのアイテムのいずれかがターゲットの位置を示す可能性があります。$(br2)$(l:bloodmagic:alchemy_table/potion_flasks/vanilla/night_vision)ナイト ビジョン$() のポーションから作られています。"
    },
    {
      "type": "bloodmagic:3x_crafting_flask",
      "a.heading": "Invisibility (3:00)",
      "a.recipe": "bloodmagic:flask/night_to_invis",
      "b.heading": "Invisibility (8:00)",
      "b.recipe": "bloodmagic:flask/length_invisibility",
      "c.heading": "Invisibility (21:20)",
      "c.recipe": "bloodmagic:flask/length_average_invisibility"
    }
  ]
}