{
  "name": "浮上",
  "icon": "minecraft:shulker_shell",
  "category": "bloodmagic:alchemy_table/potion_flasks/vanilla",
  "pages": [
    {
      "type": "patchouli:text",
      "text": "$(thing)Levitation$() はターゲットを空中に浮き上がらせます。レベルが高いほど、ターゲットの浮遊が速くなります。$(br2)$(l:bloodmagic:alchemy_table/potion_flasks/vanilla/slow_falling)Slow Falling$() のポーションから作られています。"
    },
    {
      "type": "bloodmagic:3x_crafting_flask",
      "a.heading": "Levitation (3:00)",
      "a.recipe": "bloodmagic:flask/fall_to_levitation",
      "b.heading": "Levitation (8:00)",
      "b.recipe": "bloodmagic:flask/length_levitation",
      "c.heading": "Levitation II (1:30)",
      "c.recipe": "bloodmagic:flask/potency_levitation"
    },
    {
      "type": "patchouli:text",
      "text": "$(l:bloodmagic:alchemy_table/potions#average_potions)Standard Catalysts$() を追加すると、ポーションをさらに強化できます。"
    },
    {
      "type": "bloodmagic:2x_crafting_flask",
      "a.heading": "Levitation III (0:45)",
      "a.recipe": "bloodmagic:flask/potency_average_levitation",
      "b.heading": "Levitation (21:20)",
      "b.recipe": "bloodmagic:flask/length_average_levitation"
    }
  ]
}