{
  "name": "毒",
  "icon": "minecraft:spider_eye",
  "category": "bloodmagic:alchemy_table/potion_flasks/vanilla",
  "pages": [
    {
      "type": "patchouli:text",
      "text": "$(thing)Poison$() はターゲットに時間の経過とともにダメージを与えますが、それだけでターゲットを殺すことはできません。レベルが高いほど、より速くダメージを与えます。"
    },
    {
      "type": "bloodmagic:3x_crafting_flask",
      "a.heading": "Poison (3:00)",
      "a.recipe": "bloodmagic:flask/poison",
      "b.heading": "Poison (8:00)",
      "b.recipe": "bloodmagic:flask/length_poison",
      "c.heading": "Poison II (1:30)",
      "c.recipe": "bloodmagic:flask/potency_poison"
    },
    {
      "type": "patchouli:text",
      "text": "$(l:bloodmagic:alchemy_table/potions#average_potions)Standard Catalysts$() を追加すると、ポーションをさらに強化できます。"
    },
    {
      "type": "bloodmagic:2x_crafting_flask",
      "a.heading": "Poison III (0:45)",
      "a.recipe": "bloodmagic:flask/potency_average_poison",
      "b.heading": "Poison (21:20)",
      "b.recipe": "bloodmagic:flask/length_average_poison"
    }
  ]
}