{
  "name": "再生",
  "icon": "minecraft:ghast_tear",
  "category": "bloodmagic:alchemy_table/potion_flasks/vanilla",
  "pages": [
    {
      "type": "patchouli:text",
      "text": "$(thing)Regeneration$() は時間の経過とともにターゲットを回復します。レベルが高いほど治癒率が増加します。"
    },
    {
      "type": "bloodmagic:3x_crafting_flask",
      "a.heading": "Regeneration (3:00)",
      "a.recipe": "bloodmagic:flask/regen",
      "b.heading": "Regeneration (8:00)",
      "b.recipe": "bloodmagic:flask/length_regen",
      "c.heading": "Regeneration II (1:30)",
      "c.recipe": "bloodmagic:flask/potency_regen"
    },
    {
      "type": "patchouli:text",
      "text": "$(l:bloodmagic:alchemy_table/potions#average_potions)Standard Catalysts$() を追加すると、ポーションをさらに強化できます。"
    },
    {
      "type": "bloodmagic:2x_crafting_flask",
      "a.heading": "Regeneration III (0:45)",
      "a.recipe": "bloodmagic:flask/potency_average_regen",
      "b.heading": "Regeneration (21:20)",
      "b.recipe": "bloodmagic:flask/length_average_regen"
    }
  ]
}