{
  "name": "弱点",
  "icon": "minecraft:fermented_spider_eye",
  "category": "bloodmagic:alchemy_table/potion_flasks/vanilla",
  "pages": [
    {
      "type": "patchouli:text",
      "text": "$(thing)Weakness$() は、レベルごとにターゲットの攻撃ダメージを 4 ポイント減少させます。"
    },
    {
      "type": "bloodmagic:3x_crafting_flask",
      "a.heading": "Weakness (3:00)",
      "a.recipe": "bloodmagic:flask/weakness",
      "b.heading": "Weakness (8:00)",
      "b.recipe": "bloodmagic:flask/length_weakness",
      "c.heading": "Weakness II (1:30)",
      "c.recipe": "bloodmagic:flask/potency_weakness"
    },
    {
      "type": "patchouli:text",
      "text": "$(l:bloodmagic:alchemy_table/potions#average_potions)Standard Catalysts$() を追加すると、ポーションをさらに強化できます。"
    },
    {
      "type": "bloodmagic:2x_crafting_flask",
      "a.heading": "Weakness III (0:45)",
      "a.recipe": "bloodmagic:flask/potency_average_weakness",
      "b.heading": "Weakness (21:20)",
      "b.recipe": "bloodmagic:flask/length_average_weakness"
    }
  ]
}