{
  "name": "加速ルーン",
  "icon": "bloodmagic:accelerationrune",
  "category": "bloodmagic:altar/blood_rune",
  "pages": [
    {
      "type": "patchouli:text",
      "text": "$(item)Acceleration Rune$() は、いくつかの操作の速度を高めます。通常、$(l:bloodmagic:altar/blood_rune/charging_rune)Charging Rune$(/l)および$(l:bloodmagic:altar/blood_rune/dislocation_rune)Displacement Rune$(/l)の操作は 20 ティックごとに発生しますが、ルーンごとに 1 ティックの遅延が削除され、ティックあたり最低 1 つの操作になります。"
    },
    {
      "type": "patchouli:crafting",
      "recipe": "bloodmagic:blood_rune_acceleration"
    },
    {
      "type": "patchouli:crafting",
      "recipe": "bloodmagic:blood_rune_acceleration_2",
      "text": "$(l:bloodmagic:dungeons/endless_realm)Demon Realm$() から略奪した$(item)Netherite Scrap$() と$(item)Intricate Hellforged Parts$() を使用すると、$(item)Acceleration Rune$() のパワーを 2 倍にし、ルーンごとに 1 つではなく 2 つのティックを削除し、祭壇の周りの他のスロットを解放できます。"
    },
    {
      "type": "bloodmagic:crafting_arc",
      "recipe": "bloodmagic:arc/reversion/acceleration",
      "text": "気が変わった場合は、ARC でレシピを元に戻すことができます。"
    }
  ]
}