{
  "name": "8月のルーンの容量",
  "icon": "bloodmagic:bettercapacityrune",
  "category": "bloodmagic:altar/blood_rune",
  "pages": [
    {
      "type": "patchouli:text",
      "text": "$(item)Rune of Augmented Capacity$() は、$(l:bloodmagic:altar/blood_altar)Blood Altar$(/l)の容量をルーンごとに乗算 +7.5% 増加させます。拡張された容量ルーンは、通常の$(l:bloodmagic:altar/blood_rune/capacity_rune)容量ルーン$() の後に$(o)を $() に適用します。"
    },
    {
      "type": "patchouli:crafting",
      "title": "8月のルーンの容量",
      "recipe": "bloodmagic:blood_rune_aug_capacity"
    },
    {
      "type": "patchouli:crafting",
      "recipe": "bloodmagic:blood_rune_aug_capacity_2",
      "text": "$(l:bloodmagic:dungeons/endless_realm)Demon Realm$() から略奪した$(item)Netherite Scrap$() と$(item)Intricate Hellforged Parts$() を使用すると、$(item)Rune of Augmented Capacity$() のパワーを 2 倍にし、$(l:bloodmagic:altar/blood_altar)Blood Altar$(/l)の容量をルーンごとに乗算 +15% 増加させることができます。"
    },
    {
      "type": "bloodmagic:crafting_arc",
      "recipe": "bloodmagic:arc/reversion/aug_capacity",
      "text": "気が変わった場合は、ARC でレシピを元に戻すことができます。"
    }
  ]
}