{
  "name": "能力のルーン",
  "icon": "bloodmagic:altarcapacityrune",
  "category": "bloodmagic:altar/blood_rune",
  "pages": [
    {
      "type": "patchouli:text",
      "text": "$(item)Rune of Capacity$() は、$(l:bloodmagic:altar/blood_altar)Blood Altar$(/l)の容量をルーンごとに +20% 増加させます。"
    },
    {
      "type": "patchouli:crafting",
      "recipe": "bloodmagic:blood_rune_capacity"
    },
    {
      "type": "patchouli:crafting",
      "recipe": "bloodmagic:blood_rune_capacity_2",
      "text": "$(l:bloodmagic:dungeons/endless_realm)Demon Realm$() から略奪した$(item)Netherite Scrap$() と$(item)Intricate Hellforged Parts$() を使用すると、$(item)Rune of Capacity$() のパワーを 2 倍にし、$(l:bloodmagic:altar/blood_altar)Blood Altar$(/l)の容量をルーンごとに +40% 増加させることができます。"
    },
    {
      "type": "bloodmagic:crafting_arc",
      "recipe": "bloodmagic:arc/reversion/capacity",
      "text": "気が変わった場合は、ARC でレシピを元に戻すことができます。"
    }
  ]
}