{
  "name": "チャージルーン",
  "icon": "bloodmagic:chargingrune",
  "category": "bloodmagic:altar/blood_rune",
  "pages": [
    {
      "type": "patchouli:text",
      "text": "$(item)Charging Rune$() は、ユニークな Rune アップグレードです。$(l:bloodmagic:altar/blood_altar)Blood Altar$() が$(l:bloodmagic:altar/soul_network)Blood Orb$() を作成または充填していない場合、祭壇から$(blood)LP$() を吸い上げて内部バッファを充電します。次にアイテムが祭壇内に配置されると、蓄えられた電荷が即座に消費され、1:1 の比率でアイテムの作成に適用されます。"
    },
    {
      "type": "patchouli:text",
      "text": "Blood Altar はゲーム内 20 ティックごとに 1 回チャージ ティックを実行しますが、これは$(l:bloodmagic:altar/blood_rune/acceleration_rune)加速ルーンごとに 1 つ減少します。$(/l)$(br2)ブラッド祭壇が充電ティックごとにチャージする速度は次のとおりです: [$(blood)10LP$() x$(l:bloodmagic:altar/blood_rune/charging_rune)Charging Runes$() x (1 +$(l:bloodmagic:altar/blood_rune/speed_rune)Speed Runes$()/10)]$(br2)Blood Altar が保持できる最大チャージは、$(item)Charging Rune$() あたり$(blood)1000 LP$() です。その値が 1 より大きい場合、[(メインの血の祭壇タンクの容量)/20000] が乗算されます。"
    },
    {
      "type": "patchouli:crafting",
      "recipe": "bloodmagic:blood_rune_charging"
    },
    {
      "type": "patchouli:crafting",
      "recipe": "bloodmagic:blood_rune_charging_2",
      "text": "$(l:bloodmagic:dungeons/endless_realm)Demon Realm$() から略奪した$(item)Netherite Scrap$() と$(item)Intricate Hellforged Parts$() を使用すると、容量と速度の両方の点で、$(item)Charging Rune$() のパワーを 2 倍にすることができます。"
    },
    {
      "type": "bloodmagic:crafting_arc",
      "recipe": "bloodmagic:arc/reversion/charging",
      "text": "気が変わった場合は、ARC でレシピを元に戻すことができます。"
    }
  ]
}