{
  "name": "ディスプレイスメントルーン",
  "icon": "bloodmagic:dislocationrune",
  "category": "bloodmagic:altar/blood_rune",
  "pages": [
    {
      "type": "patchouli:text",
      "text": "$(item)Displacement Rune$() は、外部タンクとの間でポンピングする際に祭壇に出入りする$(blood)Life Essence$() の流量を乗算的に +20% 増加させます。"
    },
    {
      "type": "patchouli:crafting",
      "recipe": "bloodmagic:blood_rune_displacement"
    },
    {
      "type": "patchouli:crafting",
      "recipe": "bloodmagic:blood_rune_displacement_2",
      "text": "$(l:bloodmagic:dungeons/endless_realm)Demon Realm$() から略奪した$(item)Netherite Scrap$() と$(item)Intricate Hellforged Parts$() を使用すると、$(item)Displacement Rune$() のパワーを 2 倍にし、ルーンあたりの流量を乗算 +40% 増加させることができます。"
    },
    {
      "type": "bloodmagic:crafting_arc",
      "recipe": "bloodmagic:arc/reversion/displacement",
      "text": "気が変わった場合は、ARC でレシピを元に戻すことができます。"
    }
  ]
}