{
  "name": "オーブのルーン",
  "icon": "bloodmagic:orbcapacityrune",
  "category": "bloodmagic:altar/blood_rune",
  "pages": [
    {
      "type": "patchouli:text",
      "text": "The Orb$() の$(item)Rune は、Altar 内にある$(item)Blood Orb$() の容量を、祭壇内にある間、ルーンごとに +2% 増加させます。"
    },
    {
      "type": "patchouli:crafting",
      "recipe": "bloodmagic:blood_rune_orb"
    },
    {
      "type": "patchouli:crafting",
      "recipe": "bloodmagic:blood_rune_orb_2",
      "text": "$(l:bloodmagic:dungeons/endless_realm)Demon Realm$() から略奪した$(item)Netherite Scrap$() と$(item)Intricate Hellforged Parts$() を使用すると、$(item)Rune of the Orb$() のパワーを 2 倍にし、ルーンごとに +4% の追加でオーブの容量を増やすことができます。"
    },
    {
      "type": "bloodmagic:crafting_arc",
      "recipe": "bloodmagic:arc/reversion/orb_rune",
      "text": "気が変わった場合は、ARC でレシピを元に戻すことができます。"
    }
  ]
}