{
  "name": "犠牲のルーン",
  "icon": "bloodmagic:sacrificerune",
  "category": "bloodmagic:altar/blood_rune",
  "pages": [
    {
      "type": "patchouli:text",
      "text": "$(item)Rune of Sacrifice$() は、非プレイヤー エンティティから健康を奪う手段を通じて血の祭壇で得られる$(blood)Life Essence$() の量を増加させます。各ルーンには、ルーンごとに +10% のボーナスが追加されます。"
    },
    {
      "type": "patchouli:crafting",
      "recipe": "bloodmagic:blood_rune_sacrifice"
    },
    {
      "type": "patchouli:crafting",
      "recipe": "bloodmagic:blood_rune_sac_2",
      "text": "$(l:bloodmagic:dungeons/endless_realm)Demon Realm$() から略奪した$(item)Netherite Scrap$() と$(item)Intricate Hellforged Parts$() を使用すると、$(item)Rune of Sacrifice$() のパワーを 2 倍にし、ルーンごとにボーナスを加算 +20% に増やすことができます。"
    },
    {
      "type": "bloodmagic:crafting_arc",
      "recipe": "bloodmagic:arc/reversion/sac",
      "text": "気が変わった場合は、ARC でレシピを元に戻すことができます。"
    }
  ]
}