{
  "name": "自己犠牲のルーン",
  "icon": "bloodmagic:selfsacrificerune",
  "category": "bloodmagic:altar/blood_rune",
  "pages": [
    {
      "type": "patchouli:text",
      "text": "$(item)自己犠牲のルーン $() は、プレイヤーの体力を使用する手段を通じて血の祭壇で獲得できる$(blood)ライフ エッセンス $() の量を増加させます。各ルーンには、ルーンごとに +10% のボーナスが追加されます。"
    },
    {
      "type": "patchouli:crafting",
      "recipe": "bloodmagic:blood_rune_self_sacrifice"
    },
    {
      "type": "patchouli:crafting",
      "recipe": "bloodmagic:blood_rune_self_sac_2",
      "text": "$(l:bloodmagic:dungeons/endless_realm)Demon Realm$() から略奪した$(item)Netherite Scrap$() と$(item)Intricate Hellforged Parts$() を使用すると、$(item)Rune of Self Sacrifice$() のパワーを 2 倍にし、ルーンごとにボーナスを加算 +20% に増やすことができます。"
    },
    {
      "type": "bloodmagic:crafting_arc",
      "recipe": "bloodmagic:arc/reversion/self_sac",
      "text": "気が変わった場合は、ARC でレシピを元に戻すことができます。"
    }
  ]
}