{
  "name": "スピードルーン",
  "icon": "bloodmagic:speedrune",
  "category": "bloodmagic:altar/blood_rune",
  "pages": [
    {
      "type": "patchouli:text",
      "text": "$(item)Speed Rune$() は、Blood Altar のすべての作成操作を増加させます。作成速度 (および空になると進行状況が失われる速度) は、ルーンごとに +20% 増加します。"
    },
    {
      "type": "patchouli:crafting",
      "recipe": "bloodmagic:blood_rune_speed"
    },
    {
      "type": "patchouli:crafting",
      "recipe": "bloodmagic:blood_rune_speed_2",
      "text": "$(l:bloodmagic:dungeons/endless_realm)Demon Realm$() から略奪した$(item)Netherite Scrap$() と$(item)Intricate Hellforged Parts$() を使用すると、$(item)Speed Rune$() のパワーを 2 倍にし、ルーンごとに +40% の追加で作成率を高めることができます。"
    },
    {
      "type": "bloodmagic:crafting_arc",
      "recipe": "bloodmagic:arc/reversion/speed",
      "text": "気が変わった場合は、ARC でレシピを元に戻すことができます。"
    }
  ]
}