{
  "name": "ネザーのセレナーデ",
  "icon": "minecraft:lava_bucket",
  "category": "bloodmagic:rituals/ritual_list",
  "pages": [
    {
      "type": "multiblock",
      "name": "ネザーのセレナーデ",
      "multiblock_id": "bloodmagic:lava",
      "text": "構築を容易にするために、$(l:bloodmagic:rituals/ritual_diviner)Ritual Diviner$(/l)を使用してください。"
    },
    {
      "type": "bloodmagic:ritual_info",
      "ritual": "lava",
      "text_overrides": [
        [
          "master ritual stone",
          "l:bloodmagic:rituals/ritual_stones"
        ]
      ]
    },
    {
      "type": "bloodmagic:ritual_data",
      "ritual": "lava",
      "page_type": "raw",
      "text_overrides": [
        [
          "LP",
          "blood"
        ],
        [
          "tank",
          "item"
        ]
      ]
    },
    {
      "type": "bloodmagic:ritual_data",
      "ritual": "lava",
      "page_type": "corrosive",
      "text": "ネザーの住人に対して特に有効です。"
    },
    {
      "type": "bloodmagic:ritual_data",
      "ritual": "lava",
      "page_type": "vengeful",
      "text_overrides": [
        [
          "Fire Fuse",
          "thing"
        ]
      ],
      "text": "デバフが終わると花火のような素晴らしい演出をしてくれます。"
    },
    {
      "type": "bloodmagic:ritual_data",
      "ritual": "lava",
      "page_type": "destructive",
      "text_overrides": [
        [
          "Destructive Will",
          "destructive"
        ]
      ]
    },
    {
      "type": "bloodmagic:ritual_data",
      "ritual": "lava",
      "page_type": "steadfast",
      "text_overrides": [
        [
          "Fire Resistance",
          "thing"
        ]
      ]
    },
    {
      "type": "bloodmagic:ritual_data",
      "ritual": "lava",
      "page_type": "lavaRange"
    },
    {
      "type": "bloodmagic:ritual_data",
      "ritual": "lava",
      "page_type": "fireDamage",
      "text_overrides": [
        [
          "Corrosive Will",
          "corrosive"
        ]
      ]
    },
    {
      "type": "bloodmagic:ritual_data",
      "ritual": "lava",
      "page_type": "fireFuse",
      "text_overrides": [
        [
          "Fire Fuse",
          "thing"
        ]
      ]
    },
    {
      "type": "bloodmagic:ritual_data",
      "ritual": "lava",
      "page_type": "fireResist",
      "text_overrides": [
        [
          "Fire Resistance",
          "thing"
        ]
      ]
    },
    {
      "type": "bloodmagic:ritual_data",
      "ritual": "lava",
      "page_type": "lavaTank",
      "text_overrides": [
        [
          "tank",
          "item"
        ]
      ]
    }
  ]
}