{
  "name": "鼓動する金床のリズム",
  "icon": "minecraft:crafting_table",
  "category": "bloodmagic:rituals/ritual_list",
  "pages": [
    {
      "type": "multiblock",
      "name": "鼓動する金床のリズム",
      "multiblock_id": "bloodmagic:crafting",
      "text": "$(l:bloodmagic:rituals/ritual_diviner#dusk)Ritual Diviner [Dusk]$(/l)を使用すると構築が簡単になります。"
    },
    {
      "type": "bloodmagic:ritual_info",
      "ritual": "crafting",
      "text_overrides": [
        [
          "Item Filter",
          "l:bloodmagic:demon_will/item_routing/standard_item_filter"
        ]
      ]
    },
    {
      "type": "patchouli:text",
      "text": "$(thing)Rythm of the Beating Anvil$() は強力で多用途な儀式であり、$(l:bloodmagic:alchemy_table/alchemy_table)Alchemy Table$() または$(l:bloodmagic:demon_will/will_manipulation/soul_forge)He​​llfire Forge$() (適切に強化されている場合) を使用して、レシピと一緒に標準のクラフト レシピを自動作成することができます。ただし、少し複雑になる可能性があるため、以下にセットアップのためのチュートリアルを示します。$(br2)各儀式は 1 つのレシピだけを処理できます。"
    },
    {
      "type": "patchouli:text",
      "text": "まず最初に、儀式で作成するレシピを指定する必要があります。これはアイテム フィルターを使用して行われます。$(br2)複数のタイプのアイテム フィルターを使用できますが、儀式では一度に 1 つのフィルターのみを受け入れます。追加のフィルターは無視されます。"
    },
    {
      "type": "patchouli:text",
      "text": "次のフィルタが受け入れられます:$(li)標準アイテム フィルタ: 各スロットで使用するアイテムを正確に指定します。$(li)タグ項目フィルター:$(thing)Tags$() を使用して、使用する項目を指定します。例えば。レシピに何らかの種類の石が必要な場合 (ただし、安山岩、花崗岩などでも機能します)、フィルターで forge:stone を使用できます。$(li)Mod アイテム フィルター: このスロットで MOD のアイテムを使用しようとします。"
    },
    {
      "type": "patchouli:image",
      "images": [
        "bloodmagic:images/entries/ritual/autocraft/filter_pickaxe.png"
      ],
      "title": "サンプルフィルター",
      "border": true,
      "text": "$(item)Stone Pickaxes$() を自動作成するように構成された標準アイテム フィルター。"
    },
    {
      "type": "patchouli:text",
      "text": "次に、アイテムフィルターを儀式に配置する必要があります。この画像では$(item)アイテム Frame$() を使用していますが、代わりにチェストを使用することもできます。複数の$(item)フィルター$() をチェストに配置した場合、最初のフィルターのみが使用されることに注意してください。$(br2)デフォルトでは、入力チェストと出力チェストは同じ場所にあります。ただし、これは$(l:bloodmagic/rituals/ritual_tinkerer)Ritual Tinkerer.$() を使用して変更できます。これは、$(l:bloodmagic:altar/soul_network)Blood Orb などの一部のコンポーネントを再利用するレシピに役立ちます。$()"
    },
    {
      "type": "patchouli:image",
      "images": [
        "bloodmagic:images/entries/ritual/autocraft/default_placement.png",
        "bloodmagic:images/entries/ritual/autocraft/optional_placement.png"
      ],
      "title": "配置されたフィルター",
      "border": true,
      "text": "通常の場所にあるフィルターとチェスト、およびチェストの出し入れを伴う$(l:bloodmagic/rituals/ritual_tinkerer)Tinkered$() 儀式"
    },
    {
      "type": "patchouli:text",
      "text": "儀式に$(steadfast)Steadfast$() または$(corrosive)Corrosive$() Will を指定すると、儀式は代わりに、それぞれリンクされた$(l:bloodmagic:demon_will/will_manipulation/soul_forge)He​​llfire Forge$() または$(l:bloodmagic:alchemy_table/alchemy_table)Alchemy Table$() を使用して自動作成しようとします。これらのレシピはすべて形がありませんが、アイテムが 2 つ必要な場合は、フィルターでそれを 2 回指定する必要があります。"
    },
    {
      "type": "patchouli:image",
      "images": [
        "bloodmagic:images/entries/ritual/autocraft/catalyst_recipe.png"
      ],
      "title": "錬金術フィルター",
      "border": true,
      "text": "$(l:bloodmagic:alchemy_table/potions)Simple Catalysts$() の作成用に構成されたフィルター。"
    },
    {
      "type": "bloodmagic:ritual_data",
      "ritual": "crafting",
      "page_type": "recipeRange",
      "text_overrides": [
        [
          "Item Filter",
          "l:bloodmagic:demon_will/item_routing/standard_item_filter"
        ]
      ],
      "text": "$(l:bloodmagic:demon_will/item_routing/standard_item_filter)Standard$()、$(l:bloodmagic:demon_will/item_routing/tag_item_filter)Tag$()、および$(l:bloodmagic:demon_will/item_routing/mod_item_filter)Mod Items Filters$() をサポートします。"
    },
    {
      "type": "bloodmagic:ritual_data",
      "ritual": "crafting",
      "page_type": "inputRange"
    },
    {
      "type": "bloodmagic:ritual_data",
      "ritual": "crafting",
      "page_type": "outputRange"
    },
    {
      "type": "bloodmagic:ritual_data",
      "ritual": "crafting",
      "page_type": "outputFilterRange",
      "text_overrides": [
        [
          "filter",
          "l:bloodmagic:demon_will/item_routing/standard_item_filter"
        ]
      ],
      "text": "$(l:bloodmagic:demon_will/item_routing/standard_item_filter)Standard$()、$(l:bloodmagic:demon_will/item_routing/tag_item_filter)Tag$()、および$(l:bloodmagic:demon_will/item_routing/mod_item_filter)Mod Items Filters$() をサポートします。"
    },
    {
      "type": "bloodmagic:ritual_data",
      "ritual": "crafting",
      "page_type": "hellforgedRange"
    },
    {
      "type": "bloodmagic:ritual_data",
      "ritual": "crafting",
      "page_type": "steadfast"
    },
    {
      "type": "bloodmagic:ritual_data",
      "ritual": "crafting",
      "page_type": "corrosive"
    }
  ]
}