{
  "name": "無限の領域への道",
  "icon": "bloodmagic:ingot_hellforged",
  "category": "bloodmagic:rituals/ritual_list",
  "pages": [
    {
      "type": "multiblock",
      "name": "無限の領域",
      "multiblock_id": "bloodmagic:standard_dungeon",
      "text": "構築を容易にするために、$(l:bloodmagic:rituals/ritual_diviner)Ritual Diviner$(/l)を使用してください。"
    },
    {
      "type": "bloodmagic:ritual_info",
      "ritual": "standard_dungeon",
      "text_overrides": [
        [
          "Demon Realm",
          "thing"
        ]
      ],
      "text": "魔界は非常に危険なので注意してください。準備を整えてお越しください！"
    }
  ]
}