{
  "name": "新月の夜明け",
  "icon": "minecraft:ender_pearl",
  "category": "bloodmagic:rituals/ritual_list",
  "pages": [
    {
      "type": "patchouli:multiblock",
      "name": "新月の夜明け",
      "multiblock_id": "bloodmagic:sphere",
      "text": "$(l:bloodmagic:rituals/ritual_diviner#dusk)Ritual Diviner [Dusk]$(/l)を使用すると構築が簡単になります。"
    },
    {
      "type": "bloodmagic:ritual_info",
      "ritual": "sphere",
      "text_overrides": [
        [
          "LP",
          "blood"
        ]
      ]
    },
    {
      "type": "bloodmagic:ritual_data",
      "ritual": "sphere",
      "page_type": "spheroidRange"
    },
    {
      "type": "patchouli:image",
      "images": [
        "bloodmagic:images/entries/ritual/sphere_above.png",
        "bloodmagic:images/entries/ritual/sphere_below.png"
      ],
      "title": "デフォルトのサイズ",
      "border": true,
      "text": "デフォルト設定で儀式を使用した結果。"
    }
  ]
}