{
  "name": "鉛の魂の苦行",
  "icon": "bloodmagic:upgradescraps",
  "category": "bloodmagic:rituals/ritual_list",
  "extra_recipe_mappings": {
    "bloodmagic:upgradescraps": 5
  },
  "pages": [
    {
      "type": "multiblock",
      "name": "鉛の魂の苦行",
      "multiblock_id": "bloodmagic:downgrade",
      "text": "$(l:bloodmagic:rituals/ritual_diviner#dusk)Ritual Diviner [Dusk]$(/l)を使用すると構築が簡単になります。"
    },
    {
      "type": "bloodmagic:ritual_info",
      "ritual": "downgrade"
    },
    {
      "type": "patchouli:text",
      "anchor": "downgrades",
      "text": "この儀式は、$(l:bloodmagic:alchemy_array/living_equipment/living_basics)Living Armour$() にダウングレードを適用するために、過剰な$(thing)アップグレード ポイント$() ($(item)Tomes$()、$(item)Scraps$()、および$(item)合成アップグレード ポイント$() の形式で) を消費します。これらのダウングレードにより、あなたの能力は大幅に制限されますが、豊富な追加の$(thing)アップグレード ポイント$() を利用できるようになり、以前よりもはるかに専門化できるようになります。"
    },
    {
      "type": "patchouli:crafting",
      "recipe": "bloodmagic:synthetic_point",
      "text": "利用可能な十分なポイントがない場合は、合成アップグレード ポイントを作成できます。これらはそれぞれ 1 つのアップグレード ポイントの価値があります。"
    },
    {
      "type": "patchouli:text",
      "text": "この儀式を使用するには、リビング アーマーを着用した状態で、書籍 (またはその他のアップグレード ポイント源) と、考えている特定のダウングレードに必要なアイテムを付属のチェスト (前のページを参照) に置くだけです。儀式によりポイントが消費され、防具にダウングレードが適用されます。消費の順序は、$(item)リビング アーマー アップグレード スクラップ$()、次に$(item)リビング アーマー アップグレード トムス$()、最後に$(item)合成アップグレード ポイント$() です。"
    },
    {
      "type": "patchouli:spotlight",
      "item": "bloodmagic:upgradescraps",
      "title": "LAアップグレードスクラップ",
      "text": "余ったポイントは$(item)リビングアーマーアップグレードスクラップ$()の形で返還されます。"
    },
    {
      "type": "patchouli:text",
      "text": "防具に適用されるダウングレードは、チェストに入れているアイテムによって異なります。特定のダウングレードに一致する各アイテムは、希望するダウングレードのレベルを 1 つ上げます。このようにして、1 回の儀式のアクティブ化で複数のダウングレードを一度に適用できます。"
    },
    {
      "type": "patchouli:text",
      "text": "儀式では、$(l:bloodmagic:alchemy_array/living_equipment/training_bracelet)リビング アーマー トレーニング ブレスレット$() で構成した設定が尊重されるため、「他のアップグレードを許可しない」ように設定されている場合、儀式はダウングレードを適用できません。疑わしい場合は、トレーニング ブレスレットをしまってください。"
    }
  ]
}