{
  "name": "ファセットクリスタルの共鳴",
  "icon": "bloodmagic:vengefulcrystal",
  "category": "bloodmagic:rituals/ritual_list",
  "pages": [
    {
      "type": "multiblock",
      "name": "ファセットクリスタルの共鳴",
      "multiblock_id": "bloodmagic:crystal_split",
      "text": "$(l:bloodmagic:rituals/ritual_diviner#dusk)Ritual Diviner [Dusk]$(/l)を使用すると構築が簡単になります。"
    },
    {
      "type": "bloodmagic:ritual_info",
      "ritual": "crystal_split",
      "text_overrides": [
        [
          "Raw crystal cluster",
          "l:bloodmagic:demon_will/will_manipulation/crystallized_will"
        ],
        [
          "aspected crystal clusters",
          "l:bloodmagic:demon_will/will_manipulation/aspected_will"
        ]
      ]
    },
    {
      "type": "patchouli:text",
      "text": "この儀式は、$(item)マスター儀式石$() の 2 ブロック上にある十分に成長した (少なくとも 5 つの尖塔)$(l:bloodmagic:demon_will/will_manipulation/crystallized_will)生のクリスタル クラスター$(/l)を取得し、それを 4 つの要素の儀式石の真上にあるそれぞれの$(l:bloodmagic:demon_will/will_manipulation/aspected_will)アスペクト ウィル$(/l)クリスタル クラスターの新しい単一の尖塔に分割します。この間隔は、$(item)マスター儀式石$() の上に$(item)デーモン クリスタライザー$() が収まるように設計されています。$(br2)悪魔の意志の結晶の成長に関する詳細については、$(l:bloodmagic:demon_will/will_manipulation/crystallized_will)結晶化した意志の結晶$(/l)を参照してください。"
    },
    {
      "type": "patchouli:image",
      "title": "儀式のセットアップ",
      "images": [
        "bloodmagic:images/entries/demon_will/will_splitting.png"
      ],
      "border": true,
      "text": "ファセットクリスタルの共鳴儀式の推奨設定。"
    }
  ]
}