{
  "name": "ハイジャンプの儀式",
  "icon": "minecraft:diamond_boots",
  "category": "bloodmagic:rituals/ritual_list",
  "pages": [
    {
      "type": "patchouli:multiblock",
      "name": "ハイジャンプの儀式",
      "multiblock_id": "bloodmagic:jumping",
      "text": "構築を容易にするために、$(l:bloodmagic:rituals/ritual_diviner)Ritual Diviner$(/l)を使用してください。"
    },
    {
      "type": "bloodmagic:ritual_info",
      "ritual": "jumping"
    },
    {
      "type": "bloodmagic:ritual_data",
      "ritual": "jumping",
      "page_type": "jumpRange"
    },
    {
      "type": "bloodmagic:ritual_data",
      "ritual": "jumping",
      "page_type": "jumpPower"
    }
  ]
}