{
  "name": "再生の儀式",
  "icon": "minecraft:golden_apple",
  "category": "bloodmagic:rituals/ritual_list",
  "pages": [
    {
      "type": "multiblock",
      "name": "再生の儀式",
      "multiblock_id": "bloodmagic:regeneration",
      "text": "$(l:bloodmagic:rituals/ritual_diviner#dusk)Ritual Diviner [Dusk]$(/l)を使用すると構築が簡単になります。"
    },
    {
      "type": "bloodmagic:ritual_info",
      "ritual": "regeneration"
    },
    {
      "type": "bloodmagic:ritual_data",
      "ritual": "regeneration",
      "page_type": "corrosive"
    },
    {
      "type": "bloodmagic:ritual_data",
      "ritual": "regeneration",
      "page_type": "heal"
    },
    {
      "type": "bloodmagic:ritual_data",
      "ritual": "regeneration",
      "page_type": "vampire",
      "text": "$(corrosive)Corrosive Will$() が必要です。"
    }
  ]
}