{
  "name": "隠された領域の端",
  "icon": "bloodmagic:simplekey",
  "category": "bloodmagic:rituals/ritual_list",
  "pages": [
    {
      "type": "multiblock",
      "name": "隠された領域の端",
      "multiblock_id": "bloodmagic:simple_dungeon",
      "text": "構築を容易にするために、$(l:bloodmagic:rituals/ritual_diviner)Ritual Diviner$(/l)を使用してください。"
    },
    {
      "type": "bloodmagic:ritual_info",
      "ritual": "simple_dungeon",
      "text_overrides": [
        [
          "Demon Realm",
          "thing"
        ]
      ]
    }
  ]
}