{
  "name": "罪人の重荷",
  "icon": "minecraft:dirt",
  "category": "bloodmagic:rituals/ritual_list",
  "pages": [
    {
      "type": "multiblock",
      "name": "罪人の重荷",
      "multiblock_id": "bloodmagic:grounding",
      "text": "構築を容易にするために、$(l:bloodmagic:rituals/ritual_diviner)Ritual Diviner$(/l)を使用してください。"
    },
    {
      "type": "bloodmagic:ritual_info",
      "ritual": "grounding"
    },
    {
      "type": "bloodmagic:ritual_data",
      "ritual": "grounding",
      "page_type": "raw"
    },
    {
      "type": "bloodmagic:ritual_data",
      "ritual": "grounding",
      "page_type": "corrosive",
      "text": "$(l:bloodmagic:alchemy_table/potion_flasks/blood_magic/suspended)Suspended$() 効果と同様に動作します。"
    },
    {
      "type": "bloodmagic:ritual_data",
      "ritual": "grounding",
      "page_type": "vengeful",
      "text_overrides": [
        [
          "Levitation",
          "l:bloodmagic:alchemy_table/potion_flasks/vanilla/levitation"
        ]
      ]
    },
    {
      "type": "bloodmagic:ritual_data",
      "ritual": "grounding",
      "page_type": "destructive",
      "text_overrides": [
        [
          "Heavy Heart",
          "l:bloodmagic:alchemy_table/potion_flasks/blood_magic/heavy_heart"
        ]
      ]
    },
    {
      "type": "bloodmagic:ritual_data",
      "ritual": "grounding",
      "page_type": "steadfast"
    },
    {
      "type": "bloodmagic:ritual_data",
      "ritual": "grounding",
      "page_type": "groundingRange"
    }
  ]
}