{
  "name": "満腹の儀式",
  "icon": "minecraft:cake",
  "category": "bloodmagic:rituals/ritual_list",
  "pages": [
    {
      "type": "multiblock",
      "name": "満腹の儀式",
      "multiblock_id": "bloodmagic:full_stomach",
      "text": "構築を容易にするために、$(l:bloodmagic:rituals/ritual_diviner)Ritual Diviner$(/l)を使用してください。"
    },
    {
      "type": "bloodmagic:ritual_info",
      "ritual": "full_stomach"
    },
    {
      "type": "bloodmagic:ritual_data",
      "ritual": "full_stomach",
      "page_type": "fillRange"
    },
    {
      "type": "bloodmagic:ritual_data",
      "ritual": "full_stomach",
      "page_type": "chest"
    }
  ]
}