{
  "name": "楕円体の焦点",
  "icon": "minecraft:bucket",
  "category": "bloodmagic:rituals/ritual_list",
  "pages": [
    {
      "type": "multiblock",
      "name": "楕円体の焦点",
      "multiblock_id": "bloodmagic:ellipsoid",
      "text": "$(l:bloodmagic:rituals/ritual_diviner#dusk)Ritual Diviner [Dusk]$(/l)を使用すると構築が簡単になります。"
    },
    {
      "type": "bloodmagic:ritual_info",
      "ritual": "ellipsoid"
    },
    {
      "type": "patchouli:text",
      "text": "この儀式は本質的に純粋に美的であり、私たち全員の中に存在する、新進気鋭だが怠惰な建築家のために設計されています。これは、悪の隠れ家の上にある巨大な金色のドームなど、複雑な形状を構築するのに特に適しています。...あなたも持っていますよね？"
    },
    {
      "type": "bloodmagic:ritual_data",
      "ritual": "ellipsoid",
      "page_type": "chest"
    },
    {
      "type": "bloodmagic:ritual_data",
      "ritual": "ellipsoid",
      "page_type": "spheroidRange"
    }
  ]
}