{
  "name": "ゼファーの呼び声",
  "icon": "minecraft:hopper",
  "category": "bloodmagic:rituals/ritual_list",
  "pages": [
    {
      "type": "multiblock",
      "name": "ゼファーの呼び声",
      "multiblock_id": "bloodmagic:zephyr",
      "text": "構築を容易にするために、$(l:bloodmagic:rituals/ritual_diviner)Ritual Diviner$(/l)を使用してください。"
    },
    {
      "type": "bloodmagic:ritual_info",
      "ritual": "zephyr"
    },
    {
      "type": "bloodmagic:ritual_data",
      "ritual": "zephyr",
      "page_type": "zephyrRange"
    },
    {
      "type": "bloodmagic:ritual_data",
      "ritual": "zephyr",
      "page_type": "chest"
    }
  ]
}