{
  "name": "材木屋の衝突",
  "icon": "minecraft:oak_sapling",
  "category": "bloodmagic:rituals/ritual_list",
  "pages": [
    {
      "type": "multiblock",
      "name": "材木屋の衝突",
      "multiblock_id": "bloodmagic:felling",
      "text": "構築を容易にするために、$(l:bloodmagic:rituals/ritual_diviner)Ritual Diviner$(/l)を使用してください。"
    },
    {
      "type": "bloodmagic:ritual_info",
      "ritual": "felling"
    },
    {
      "type": "bloodmagic:ritual_data",
      "ritual": "felling",
      "page_type": "fellingRange"
    },
    {
      "type": "bloodmagic:ritual_data",
      "ritual": "felling",
      "page_type": "chest"
    }
  ]
}