{
  "name": "見捨てられた魂の集い",
  "icon": "bloodmagic:rawcatalyst",
  "category": "bloodmagic:rituals/ritual_list",
  "pages": [
    {
      "type": "multiblock",
      "name": "見捨てられた魂の集い",
      "multiblock_id": "bloodmagic:forsaken_soul",
      "text": "構築を容易にするために、$(l:bloodmagic:rituals/ritual_diviner)Ritual Diviner$(/l)を使用してください。"
    },
    {
      "type": "bloodmagic:ritual_info",
      "ritual": "forsaken_soul"
    },
    {
      "type": "bloodmagic:ritual_data",
      "ritual": "forsaken_soul",
      "page_type": "crystal",
      "text_overrides": [
        [
          "catalysts",
          "l:bloodmagic:demon_will/will_manipulation/will_catalysts"
        ]
      ]
    },
    {
      "type": "bloodmagic:ritual_data",
      "ritual": "forsaken_soul",
      "page_type": "chest",
      "text_overrides": [
        [
          "catalyst",
          "l:bloodmagic:demon_will/will_manipulation/will_catalysts"
        ]
      ]
    }
  ]
}