{
  "name": "中秋の名月の収穫",
  "icon": "minecraft:wheat",
  "category": "bloodmagic:rituals/ritual_list",
  "pages": [
    {
      "type": "multiblock",
      "name": "中秋の名月の収穫",
      "multiblock_id": "bloodmagic:harvest",
      "text": "$(l:bloodmagic:rituals/ritual_diviner#dusk)Ritual Diviner [Dusk]$(/l)を使用すると構築が簡単になります。"
    },
    {
      "type": "bloodmagic:ritual_info",
      "ritual": "harvest"
    },
    {
      "type": "bloodmagic:ritual_data",
      "ritual": "harvest",
      "page_type": "harvestRange"
    }
  ]
}