{
  "name": "磁気の儀式",
  "icon": "minecraft:iron_ore",
  "category": "bloodmagic:rituals/ritual_list",
  "pages": [
    {
      "type": "multiblock",
      "name": "磁気の儀式",
      "multiblock_id": "bloodmagic:magnetism",
      "text": "構築を容易にするために、$(l:bloodmagic:rituals/ritual_diviner)Ritual Diviner$(/l)を使用してください。"
    },
    {
      "type": "bloodmagic:ritual_info",
      "ritual": "magnetism"
    },
    {
      "type": "patchouli:text",
      "text": "デフォルトでは、$()Ritual of Magnetism$() は、$(item)Master Ritual Stone$() から半径 3 ブロックの岩盤まで探索して鉱石を探します。これは、次のように、MRS の直下に高価なブロックを配置することで強化できます。$(br)$(li)$(item)Iron$() のブロック - 7 ブロック。$(li)$(item)Gold$() のブロック - 15 ブロック。$(li)$(item)Diamond$() のブロック - 31 ブロック。"
    },
    {
      "type": "bloodmagic:ritual_data",
      "ritual": "magnetism",
      "page_type": "placementRange",
      "text_overrides": [
        [
          "ores",
          "item"
        ]
      ]
    }
  ]
}