{
  "name": "虚空のあくび",
  "icon": "minecraft:black_stained_glass",
  "category": "bloodmagic:rituals/ritual_list",
  "pages": [
    {
      "type": "multiblock",
      "name": "虚空のあくび",
      "multiblock_id": "bloodmagic:yawning_void",
      "text": "$(l:bloodmagic:rituals/ritual_diviner#dusk)Ritual Diviner [Dusk]$(/l)を使用すると構築が簡単になります。"
    },
    {
      "type": "bloodmagic:ritual_info",
      "ritual": "yawning_void"
    },
    {
      "type": "bloodmagic:ritual_data",
      "ritual": "yawning_void",
      "page_type": "raw",
      "text_overrides": [
        [
          "Raw Will",
          "raw"
        ]
      ]
    },
    {
      "type": "bloodmagic:ritual_data",
      "ritual": "yawning_void",
      "page_type": "corrosive",
      "text_overrides": [
        [
          "filter",
          "item"
        ]
      ],
      "text": "フィルターを設定するには、任意の形式の$(item)Items Filter$() をリンクされた$(item)Chest$() に配置します。この儀式は、最初に見つかったフィルターのみを使用しますが、$(l:bloodmagic:demon_will/item_routing/standard_item_filter)Standard$()、$(l:bloodmagic:demon_will/item_routing/tag_item_filter)Tag$()、$(l:bloodmagic:demon_will/item_routing/mod_item_filter)Mod$()、および$(l:bloodmagic:demon_will/item_routing/composite_item_filter)Composite Items Filters$() を受け入れます。ブラックリストも機能します！"
    },
    {
      "type": "bloodmagic:ritual_data",
      "ritual": "yawning_void",
      "page_type": "steadfast"
    },
    {
      "type": "bloodmagic:ritual_data",
      "ritual": "yawning_void",
      "page_type": "quarryRange"
    },
    {
      "type": "bloodmagic:ritual_data",
      "ritual": "yawning_void",
      "page_type": "chest",
      "text_overrides": [
        [
          "Item Filter",
          "item"
        ]
      ]
    },
    {
      "type": "bloodmagic:ritual_data",
      "ritual": "yawning_void",
      "page_type": "placementRange"
    }
  ]
}