{
  "name": "苦しみの井戸",
  "icon": "bloodmagic:life_essence_bucket",
  "category": "bloodmagic:rituals/ritual_list",
  "pages": [
    {
      "type": "multiblock",
      "name": "苦しみの井戸",
      "multiblock_id": "bloodmagic:well_of_suffering",
      "text": "$(l:bloodmagic:rituals/ritual_diviner#dusk)Ritual Diviner [Dusk]$(/l)を使用すると構築が簡単になります。"
    },
    {
      "type": "bloodmagic:ritual_info",
      "ritual": "well_of_suffering",
      "text_overrides": [
        [
          "LP",
          "blood"
        ],
        [
          "blood altar",
          "l:bloodmagic:altar/blood_altar"
        ]
      ]
    },
    {
      "type": "patchouli:text",
      "text": "この儀式は、ダメージ ゾーン内の Mob を攻撃し、採取した$(blood)Blood$() を近くの$(l:bloodmagic:altar/blood_altar)Blood Altar$() に置きます。$(l:bloodmagic:altar/soul_network)Blood Orb$() を祭壇に置き、おそらくいくつかの$(l:bloodmagic:altar/blood_rune/sacrifice_rune)Runes of Sacrifice$() を追加すると、もう LP の供給について心配する必要はなくなります... 十分なモブを供給できる限り。"
    },
    {
      "type": "bloodmagic:ritual_data",
      "ritual": "well_of_suffering",
      "page_type": "altar",
      "text": "儀式は一度に 1 つの祭壇にのみリンクできます。",
      "text_overrides": [
        [
          "Blood Altar",
          "l:bloodmagic:altar/blood_altar"
        ],
        [
          " Blood",
          "blood"
        ]
      ]
    },
    {
      "type": "bloodmagic:ritual_data",
      "ritual": "well_of_suffering",
      "page_type": "damage",
      "text": "モブは引き続き非プレイヤーキルモブドロップをドロップします。"
    }
  ]
}