{
  "name": "羊飼いの儀式",
  "icon": "minecraft:white_wool",
  "category": "bloodmagic:rituals/ritual_list",
  "pages": [
    {
      "type": "multiblock",
      "name": "羊飼いの儀式",
      "multiblock_id": "bloodmagic:animal_growth",
      "text": "$(l:bloodmagic:rituals/ritual_diviner#dusk)Ritual Diviner [Dusk]$(/l)を使用すると構築が簡単になります。"
    },
    {
      "type": "bloodmagic:ritual_info",
      "ritual": "animal_growth"
    },
    {
      "type": "bloodmagic:ritual_data",
      "ritual": "animal_growth",
      "page_type": "raw",
      "text_overrides": [
        [
          "Raw Will",
          "raw"
        ]
      ]
    },
    {
      "type": "bloodmagic:ritual_data",
      "ritual": "animal_growth",
      "page_type": "vengeful"
    },
    {
      "type": "bloodmagic:ritual_data",
      "ritual": "animal_growth",
      "page_type": "destructive"
    },
    {
      "type": "bloodmagic:ritual_data",
      "ritual": "animal_growth",
      "page_type": "steadfast",
      "text_overrides": [
        [
          "chest",
          "item"
        ]
      ]
    },
    {
      "type": "bloodmagic:ritual_data",
      "ritual": "animal_growth",
      "page_type": "growing"
    },
    {
      "type": "bloodmagic:ritual_data",
      "ritual": "animal_growth",
      "page_type": "chest",
      "text": "$(steadfast)Steadfast Will$() が必要です。"
    }
  ]
}