{
  "name": "割れた結晶の亀裂",
  "icon": "bloodmagic:defaultcrystal",
  "category": "bloodmagic:rituals/ritual_list",
  "pages": [
    {
      "type": "multiblock",
      "name": "割れた結晶の亀裂",
      "multiblock_id": "bloodmagic:crystal_harvest",
      "text": "$(l:bloodmagic:rituals/ritual_diviner#dusk)Ritual Diviner [Dusk]$(/l)を使用すると構築が簡単になります。"
    },
    {
      "type": "bloodmagic:ritual_info",
      "ritual": "crystal_harvest",
      "text_overrides": [
        [
          "Demon Will Crystal Clusters",
          "l:bloodmagic:demon_will/will_manipulation/crystallized_will"
        ],
        [
          "aspects",
          "l:bloodmagic:demon_will/will_manipulation/aspected_will"
        ]
      ]
    },
    {
      "type": "bloodmagic:ritual_data",
      "ritual": "crystal_harvest",
      "page_type": "crystal",
      "text_overrides": [
        [
          "Demon Will",
          "raw"
        ]
      ]
    }
  ]
}