{
  "name": "クラッシャーの儀式",
  "icon": "minecraft:iron_pickaxe",
  "category": "bloodmagic:rituals/ritual_list",
  "pages": [
    {
      "type": "multiblock",
      "name": "クラッシャーの儀式",
      "multiblock_id": "bloodmagic:crushing",
      "text": "$(l:bloodmagic:rituals/ritual_diviner#dusk)Ritual Diviner [Dusk]$(/l)を使用すると構築が簡単になります。"
    },
    {
      "type": "bloodmagic:ritual_info",
      "ritual": "crushing"
    },
    {
      "type": "bloodmagic:ritual_data",
      "ritual": "crushing",
      "page_type": "raw",
      "text_overrides": [
        [
          "Raw Will",
          "raw"
        ]
      ]
    },
    {
      "type": "bloodmagic:ritual_data",
      "ritual": "crushing",
      "page_type": "corrosive",
      "text_overrides": [
        [
          "Cutting Fluid",
          "l:bloodmagic:alchemy_table/alchemy_table#cutting_fluid"
        ],
        [
          "Silk Touch",
          "item"
        ]
      ]
    },
    {
      "type": "bloodmagic:ritual_data",
      "ritual": "crushing",
      "page_type": "vengeful",
      "text": "たとえば、石炭を石炭のブロックに、レッドストーンダストをレッドストーンのブロックに、などに変換します。"
    },
    {
      "type": "bloodmagic:ritual_data",
      "ritual": "crushing",
      "page_type": "destructive",
      "text_overrides": [
        [
          "Fortune III",
          "item"
        ]
      ]
    },
    {
      "type": "bloodmagic:ritual_data",
      "ritual": "crushing",
      "page_type": "steadfast",
      "text_overrides": [
        [
          "Silk Touch",
          "item"
        ],
        [
          "Fortune",
          "item"
        ]
      ]
    },
    {
      "type": "bloodmagic:ritual_data",
      "ritual": "crushing",
      "page_type": "chest"
    },
    {
      "type": "bloodmagic:ritual_data",
      "ritual": "crushing",
      "page_type": "crushingRange"
    }
  ]
}