{
  "name": "フィラーのドメイン",
  "icon": "minecraft:dispenser",
  "category": "bloodmagic:rituals/ritual_list",
  "pages": [
    {
      "type": "patchouli:multiblock",
      "name": "フィラーのドメイン",
      "multiblock_id": "bloodmagic:placer",
      "text": "構築を容易にするために、$(l:bloodmagic:rituals/ritual_diviner)Ritual Diviner$(/l)を使用してください。"
    },
    {
      "type": "bloodmagic:ritual_info",
      "ritual": "placer"
    },
    {
      "type": "bloodmagic:ritual_data",
      "ritual": "placer",
      "page_type": "placerRange"
    },
    {
      "type": "bloodmagic:ritual_data",
      "ritual": "placer",
      "page_type": "chest"
    }
  ]
}