{
  "name": "生命進化の儀式",
  "icon": "bloodmagic:livingplate",
  "category": "bloodmagic:rituals/ritual_list",
  "pages": [
    {
      "type": "multiblock",
      "name": "生命進化の儀式",
      "multiblock_id": "bloodmagic:armour_evolve",
      "text": "$(l:bloodmagic:rituals/ritual_diviner#dusk)Ritual Diviner [Dusk]$(/l)を使用すると構築が簡単になります。"
    },
    {
      "type": "bloodmagic:ritual_info",
      "ritual": "armour_evolve",
      "text_overrides": [
        [
          "Living Armor",
          "l:bloodmagic:alchemy_array/living_equipment/living_basics"
        ]
      ],
      "text": "この$(thing)儀式 $() を使用するには、$(l:bloodmagic:alchemy_array/living_equipment/living_basics)リビング アーマー $() を着て$(l:bloodmagic:rituals/ritual_stones)マスター儀式石 $() の上に立ってください。"
    }
  ]
}