{
  "name": "コンドルの崇拝",
  "icon": "minecraft:feather",
  "category": "bloodmagic:rituals/ritual_list",
  "pages": [
    {
      "type": "multiblock",
      "name": "コンドルの崇拝",
      "multiblock_id": "bloodmagic:condor",
      "text": "$(l:bloodmagic:rituals/ritual_diviner#dusk)Ritual Diviner [Dusk]$(/l)を使用すると構築が簡単になります。"
    },
    {
      "type": "bloodmagic:ritual_info",
      "ritual": "condor"
    },
    {
      "type": "bloodmagic:ritual_data",
      "ritual": "condor",
      "page_type": "flightRange"
    }
  ]
}