{
  "name": "浄化する魂の音",
  "icon": "bloodmagic:upgradetome",
  "category": "bloodmagic:rituals/ritual_list",
  "pages": [
    {
      "type": "multiblock",
      "name": "浄化する魂の音",
      "multiblock_id": "bloodmagic:upgrade_remove",
      "text": "$(l:bloodmagic:rituals/ritual_diviner#dusk)Ritual Diviner [Dusk]$(/l)を使用すると構築が簡単になります。"
    },
    {
      "type": "bloodmagic:ritual_info",
      "ritual": "upgrade_remove",
      "text_overrides": [
        [
          "Living Armor",
          "l:bloodmagic:alchemy_array/living_equipment/living_basics"
        ],
        [
          "Upgrade Tomes",
          "l:bloodmagic:alchemy_array/living_equipment/living_tomes"
        ]
      ]
    }
  ]
}