{
  "name": "落下する塔のマーク",
  "icon": "minecraft:fire_charge",
  "category": "bloodmagic:rituals/ritual_list",
  "pages": [
    {
      "type": "multiblock",
      "name": "落下する塔のマーク",
      "multiblock_id": "bloodmagic:meteor",
      "text": "$(l:bloodmagic:rituals/ritual_diviner#dusk)Ritual Diviner [Dusk]$(/l)を使用すると構築が簡単になります。"
    },
    {
      "type": "bloodmagic:ritual_info",
      "ritual": "meteor"
    },
    {
      "type": "patchouli:text",
      "text": "自由に使える膨大な力を使って、宇宙から隕石を呼び出して世界に衝突させるのが得策だという結論に至ります。$(br2)MRS の上に適切な供物を落とすことで、儀式はそのアイテム (さらに大量の LP、デフォルトは 100 万 LP) を消費し、マップの構築高さで流星を召喚します。隕石が何かに衝突すると爆発し、採掘や処理に必要な多くの資源が残ります。"
    },
    {
      "type": "patchouli:text",
      "text": "獲得できるサイズとリソースは、与えられたオファリングによって異なります。通常のアイテムには、$(item)ダイヤモンド$()、$(item)鉄のブロック$()、$(item)グロウストーン ダスト$()、および$(item)ストーン$() が含まれます。$(br2)Mod アイテムには、Ice and Fire$(item)Dragon Bones$()、AE2$(item)Certus Quartz$()、Create$(item)Andesite Alloy$()、IE$(item)Copper Wire Cock$()、Mystical Agriculture$(item)Prosperity Shard$()、Thermal$(item)RFコイル$()、Mekanism$(item)Advancedが含まれます。合金$()。"
    }
  ]
}