{
  "name": "Miner's Secrets",
  "icon": "bloodmagic:hidden_knowledge_anointment",
  "category": "bloodmagic:alchemy_table/anointments",
  "pages": [
    {
      "type": "bloodmagic:crafting_alchemy_table",
      "heading": "Miner's Secrets",
      "recipe": "bloodmagic:alchemytable/hidden_knowledge_anointment",
      "text": "Exp-dropping blocks drop extra exp on successful harvest. Drops +2exp per block. Consumed when extra exp dropped.$(br2)Valid items: Tools, Swords.$(br2)Applies: Miner's Secrets I (256 exp-dropping blocks)"
    },
    {
      "type": "bloodmagic:crafting_alchemy_table",
      "heading": "Miner's Secrets L",
      "recipe": "bloodmagic:alchemytable/hidden_knowledge_anointment_l",
      "text": "This upgraded version of the anointment lasts four times longer. $(br2)Applies: Miner's Secrets I (1024 exp-dropping blocks)"
    },
    {
      "type": "bloodmagic:crafting_alchemy_table",
      "heading": "Miner's Secrets II",
      "recipe": "bloodmagic:alchemytable/hidden_knowledge_anointment_2",
      "text": "This upgraded version of the anointment increases the yield to +4exp per block. $(br2)Applies: Miner's Secrets II (256 exp-dropping blocks)"
    },
    {
      "type": "bloodmagic:crafting_alchemy_table",
      "heading": "Miner's Secrets XL",
      "recipe": "bloodmagic:alchemytable/hidden_knowledge_anointment_xl",
      "text": "This upgraded version of the anointment lasts sixteen times longer. $(br2)Applies: Miner's Secrets I (4096 exp-dropping blocks)"
    },
    {
      "type": "bloodmagic:crafting_alchemy_table",
      "heading": "Miner's Secrets III",
      "recipe": "bloodmagic:alchemytable/hidden_knowledge_anointment_3",
      "text": "This upgraded version of the anointment increases the yield to +6exp per block. $(br2)Applies: Miner's Secrets III (256 exp-dropping blocks)"
    }
  ]
}