{
  "name": "Plunderer's Glint",
  "icon": "bloodmagic:looting_anointment",
  "category": "bloodmagic:alchemy_table/anointments",
  "pages": [
    {
      "type": "bloodmagic:crafting_alchemy_table",
      "heading": "Plunderer's Glint",
      "recipe": "bloodmagic:alchemytable/looting_anointment",
      "text": "Increases the drops from killed mobs. Also stacks with the Looting enchantment.$(br2)Valid items: Tools, Swords.$(br2)Applies: Plundering I (256 hits)"
    },
    {
      "type": "bloodmagic:crafting_alchemy_table",
      "heading": "Plunderer's Glint L",
      "recipe": "bloodmagic:alchemytable/looting_anointment_l",
      "text": "This upgraded version of the anointment lasts four times longer. $(br2)Applies: Plundering I (1024 hits)"
    },
    {
      "type": "bloodmagic:crafting_alchemy_table",
      "heading": "Plunderer's Glint II",
      "recipe": "bloodmagic:alchemytable/looting_anointment_2",
      "text": "This upgraded version of the anointment further increases the drops from killed mobs. $(br2)Applies: Plundering II (256 hits)"
    },
    {
      "type": "bloodmagic:crafting_alchemy_table",
      "heading": "Plunderer's Glint XL",
      "recipe": "bloodmagic:alchemytable/looting_anointment_xl",
      "text": "This upgraded version of the anointment lasts sixteen times longer. $(br2)Applies: Plundering I (4096 hits)"
    },
    {
      "type": "bloodmagic:crafting_alchemy_table",
      "heading": "Plunderer's Glint III",
      "recipe": "bloodmagic:alchemytable/looting_anointment_3",
      "text": "This upgraded version of the anointment further increases the drops from killed mobs. $(br2)Applies: Plundering III (256 hits)"
    }
  ]
}