{
  "name": "Honing Oil",
  "icon": "bloodmagic:melee_anointment",
  "category": "bloodmagic:alchemy_table/anointments",
  "pages": [
    {
      "type": "bloodmagic:crafting_alchemy_table",
      "heading": "Honing Oil",
      "recipe": "bloodmagic:alchemytable/melee_damage_anointment",
      "text": "Temporarily increases the melee damage dealt by +3. $(br2)Valid items: Tools, Swords.$(br2)Applies: Whetstone I (256 hits)"
    },
    {
      "type": "bloodmagic:crafting_alchemy_table",
      "heading": "Honing Oil L",
      "recipe": "bloodmagic:alchemytable/melee_damage_anointment_l",
      "text": "This upgraded version of the anointment lasts four times longer. $(br2)Applies: Whetstone I (1024 hits)"
    },
    {
      "type": "bloodmagic:crafting_alchemy_table",
      "heading": "Honing Oil II",
      "recipe": "bloodmagic:alchemytable/melee_damage_anointment_2",
      "text": "This upgraded version of the anointment increases melee damage dealt by +6. $(br2)Applies: Whetstone II (256 hits)"
    },
    {
      "type": "bloodmagic:crafting_alchemy_table",
      "heading": "Honing Oil XL",
      "recipe": "bloodmagic:alchemytable/melee_damage_anointment_xl",
      "text": "This upgraded version of the anointment lasts sixteen times longer. $(br2)Applies: Whetstone I (4096 hits)"
    },
    {
      "type": "bloodmagic:crafting_alchemy_table",
      "heading": "Honing Oil III",
      "recipe": "bloodmagic:alchemytable/melee_damage_anointment_3",
      "text": "This upgraded version of the anointment increases melee damage dealt by +9. $(br2)Applies: Whetstone III (256 hits)"
    }
  ]
}