{
  "name": "Soft Coating",
  "icon": "bloodmagic:silk_touch_anointment",
  "category": "bloodmagic:alchemy_table/anointments",
  "pages": [
    {
      "type": "bloodmagic:crafting_alchemy_table",
      "heading": "Soft Coating",
      "recipe": "bloodmagic:alchemytable/silk_touch_anointment",
      "text": "Applies Silk Touch to blocks harvested. Does not stack with the vanilla enchantment.$(br2)Valid items: Tools, Swords, Charges.$(br2)Applies: Soft Touch I (256 blocks)"
    },
    {
      "type": "bloodmagic:crafting_alchemy_table",
      "heading": "Soft Coating L",
      "recipe": "bloodmagic:alchemytable/silk_touch_anointment_l",
      "text": "This upgraded version of the anointment lasts four times longer. $(br2)Applies: Soft Touch I (1024 blocks)"
    },
    {
      "type": "bloodmagic:crafting_alchemy_table",
      "heading": "Soft Coating XL",
      "recipe": "bloodmagic:alchemytable/silk_touch_anointment_xl",
      "text": "This upgraded version of the anointment lasts sixteen times longer. $(br2)Applies: Soft Touch I (4096 blocks)"
    }
  ]
}