{
  "name": "Void Essence",
  "icon": "bloodmagic:voiding_anointment",
  "category": "bloodmagic:alchemy_table/anointments",
  "pages": [
    {
      "type": "bloodmagic:crafting_alchemy_table",
      "heading": "Void Essence",
      "recipe": "bloodmagic:alchemytable/voiding_anointment",
      "text": "Deletes simple blocks on mining, such as stone, dirt, and netherrack. $(br2)Valid items: Tools, Swords, Charges. $(br2)Applies: Voiding I (256 blocks)"
    },
    {
      "type": "bloodmagic:crafting_alchemy_table",
      "heading": "Void Essence L",
      "recipe": "bloodmagic:alchemytable/voiding_anointment_l",
      "text": "This upgraded version of the anointment lasts four times longer. $(br2)Applies: Voiding I (1024 blocks)"
    },
    {
      "type": "bloodmagic:crafting_alchemy_table",
      "heading": "Void Essence XL",
      "recipe": "bloodmagic:alchemytable/voiding_anointment_xl",
      "text": "This upgraded version of the anointment lasts sixteen times longer. $(br2)Applies: Voiding I (4096 blocks)"
    }
  ]
}