{
  "name": "Repairing Salve",
  "icon": "bloodmagic:weapon_repair_anointment",
  "category": "bloodmagic:alchemy_table/anointments",
  "pages": [
    {
      "type": "bloodmagic:crafting_alchemy_table",
      "heading": "Repairing Salve",
      "recipe": "bloodmagic:alchemytable/weapon_repair_anointment",
      "text": "Repairs damaged tools by 1 point when tool is used. $(br2)Valid items: Tools, Swords.$(br2)Applies: Regular Maintenance I (256 blocks)"
    },
    {
      "type": "bloodmagic:crafting_alchemy_table",
      "heading": "Repairing Salve L",
      "recipe": "bloodmagic:alchemytable/weapon_repair_anointment_l",
      "text": "This upgraded version of the anointment lasts four times longer. $(br2)Applies: Regular Maintenance I (1024 blocks)"
    },
    {
      "type": "bloodmagic:crafting_alchemy_table",
      "heading": "Repairing Salve II",
      "recipe": "bloodmagic:alchemytable/weapon_repair_anointment_2",
      "text": "This upgraded version of the anointment repairs the tool by 2 points for every point of damage taken. Does not activate if doing so would waste some of the repair bonus. $(br2)Applies: Regular Maintenance II (256 blocks)"
    },
    {
      "type": "bloodmagic:crafting_alchemy_table",
      "heading": "Repairing Salve XL",
      "recipe": "bloodmagic:alchemytable/weapon_repair_anointment_xl",
      "text": "This upgraded version of the anointment lasts sixteen times longer. $(br2)Applies: Regular Maintenance I (4096 blocks)"
    },
    {
      "type": "bloodmagic:crafting_alchemy_table",
      "heading": "Repairing Salve III",
      "recipe": "bloodmagic:alchemytable/weapon_repair_anointment_3",
      "text": "This upgraded version of the anointment repairs the tool by 3 points for every point of damage taken. Does not activate if doing so would waste some of the repair bonus. $(br2)Applies: Regular Maintenance III (256 blocks)"
    }
  ]
}