{
  "name": "The Ritual Diviner",
  "icon": "bloodmagic:ritualdiviner",
  "category": "bloodmagic:rituals",
  "pages": [
    {
      "type": "patchouli:text",
      "text": "Crafting rituals is an intricate business; Even if you have the correct $(item)Inscription Tools$(), you can't just slap runic inscriptions down any old how and expect things to happen. Luckily, the $(item)Ritual Diviner$() is here to help. $(br2)Hold [$(k:sneak)] and press [$(k:use)] or [$(k:attack)] while looking at empty air to cycle through the avaliable rituals in either direction."
    },
    {
      "type": "patchouli:crafting",
      "recipe": "bloodmagic:ritual_diviner_0",
      "text": "simply tap [$(k:use)] while looking at a $(item)Master Ritual Stone$() to make the Diviner build the currently selected ritual out of any $(item)Ritual Stones$() you may be carrying. It's almost like magic!"
    },
    {
      "type": "patchouli:text",
      "text": "The Ritual Diviner can break replaceable blocks (like tall grass, snow, etc), but not solid ones such as stone or dirt, so make sure the area is clear before you commence construction, or the $(l:bloodmagic:rituals/activation_crystals)Activation Crystal$() will be unable to do its job. $(br2)It's also worth noting that the base ritual diviner can only create some of the more basic rituals. If you want the most out of your diviner, you'll have to upgrade it with $(dusk)Dusk Inscription Tools$()."
    },
    {
      "type": "patchouli:crafting",
      "recipe": "bloodmagic:ritual_diviner_1",
      "anchor": "dusk",
      "text": "Unlike the Elemental Inscription Tools, the Ritual Diviner and Ritual Diviner [Dusk] will never run out."
    },
    {
      "type": "patchouli:text",
      "text": "The base Ritual Diviner requires one of each $(item)Elemental Inscription Tool$() for its construction, and thus a tier 3 $(l:bloodmagic:altar/blood_altar)Blood Altar$(/l). $(br2)The four base Elemental Inscription Tools can be crafted in your Altar for $(blood)1,000 LP$() each, as defined on the following pages. The Ritual Diviner [Dusk] similarly requires a Tier 4 Altar to make two Dusk Elemental Inscription Tools, at a cost of $(blood)2,000 LP$() each."
    },
    {
      "type": "patchouli:text",
      "text": "You can also use these tools to inscribe runes by hand, but this should only seriously be used for decorative purposes, as it is both slow and inaccurate."
    },
    {
      "type": "bloodmagic:2x_crafting_altar",
      "a.heading": "Inscription Tool: Air",
      "a.recipe": "bloodmagic:altar/air_tool",
      "b.heading": "Inscription Tool: Fire",
      "b.recipe": "bloodmagic:altar/fire_tool"
    },
    {
      "type": "bloodmagic:2x_crafting_altar",
      "a.heading": "Inscription Tool: Water",
      "a.recipe": "bloodmagic:altar/water_tool",
      "b.heading": "Inscription Tool: Earth",
      "b.recipe": "bloodmagic:altar/earth_tool"
    },
    {
      "type": "bloodmagic:crafting_altar",
      "heading": "Inscription Tool: Dusk",
      "recipe": "bloodmagic:altar/dusk_tool"
    }
  ]
}
