{
  "name": "Instant Damage",
  "icon": "minecraft:iron_sword",
  "category": "bloodmagic:alchemy_table/potion_flasks/vanilla",
  "pages": [
    {
      "type": "patchouli:text",
      "text": "$(thing)Instant Damage$() inflicts 6 points of $(thing)Magic Damage$() to the target per level. If the target is $(thing)Undead$(), they will be healed for 6 points per level instead.$(br2)It's made from a potion of either $(l:bloodmagic:alchemy_table/potion_flasks/vanilla/instant_health)Instant Health$() or $(l:bloodmagic:alchemy_table/potion_flasks/vanilla/poison)Poison$()."
    },
    {
      "type": "bloodmagic:3x_crafting_flask",
      "a.heading": "Damage from Health",
      "a.recipe": "bloodmagic:flask/health_to_harm",
      "b.heading": "Damage from Poison",
      "b.recipe": "bloodmagic:flask/poison_to_harm",
      "c.heading": "Instant Damage II",
      "c.recipe": "bloodmagic:flask/potency_harm"
    },
    {
      "type": "patchouli:text",
      "text": "adding $(l:bloodmagic:alchemy_table/potions#average_potions)Standard Catalysts$() can further boost your potions."
    },
    {
      "type": "bloodmagic:crafting_flask",
      "heading": "Instant Damage III",
      "recipe": "bloodmagic:flask/potency_average_harm"
    }
  ]
}
