{
  "name": "Invisibility",
  "icon": "minecraft:glass_pane",
  "category": "bloodmagic:alchemy_table/potion_flasks/vanilla",
  "pages": [
    {
      "type": "patchouli:text",
      "text": "$(thing)Invisibility$() causes the target to disappear from view, making it harder for them to be spotted. This effect does not extend to any $(item)Armour$() or held items, any of which may be a give-away as to the target's location.$(br2)It's made from a potion of $(l:bloodmagic:alchemy_table/potion_flasks/vanilla/night_vision)Night Vision$()."
    },
    {
      "type": "bloodmagic:3x_crafting_flask",
      "a.heading": "Invisibility (3:00)",
      "a.recipe": "bloodmagic:flask/night_to_invis",
      "b.heading": "Invisibility (8:00)",
      "b.recipe": "bloodmagic:flask/length_invisibility",
      "c.heading": "Invisibility (21:20)",
      "c.recipe": "bloodmagic:flask/length_average_invisibility"
    }
  ]
}
