{
  "name": "Slowness",
  "icon": "minecraft:soul_sand",
  "category": "bloodmagic:alchemy_table/potion_flasks/vanilla",
  "pages": [
    {
      "type": "patchouli:text",
      "text": "$(thing)Slowness$() decreases the target's movement speed by 15% per level. $(br2)It's made from a potion of either $(l:bloodmagic:alchemy_table/potion_flasks/vanilla/speed)Speed$() or $(l:bloodmagic:alchemy_table/potion_flasks/vanilla/jump_boost)Jump Boost$(). $(br2)See overleaf for Catalyst Combinations."
    },
    {
      "type": "bloodmagic:2x_crafting_flask",
      "a.heading": "Slowness from Speed",
      "a.recipe": "bloodmagic:flask/speed_to_slow",
      "b.heading": "Slowness from Jump Boost",
      "b.recipe": "bloodmagic:flask/jump_to_slow"
    },
    {
      "type": "bloodmagic:2x_crafting_flask",
      "a.heading": "Slowness (8:00)",
      "a.recipe": "bloodmagic:flask/length_slowness",
      "b.heading": "Slowness II (1:30)",
      "b.recipe": "bloodmagic:flask/potency_slowness"
    },
    {
      "type": "bloodmagic:2x_crafting_flask",
      "a.heading": "Slowness III (0:45)",
      "a.recipe": "bloodmagic:flask/potency_average_slowness",
      "b.heading": "Slowness (21:20)",
      "b.recipe": "bloodmagic:flask/length_average_slowness"
    }

  ]
}
