{
  "name": "アーチャーズ・ポリッシュ",
  "icon": "bloodmagic:bow_velocity_anointment",
  "category": "bloodmagic:alchemy_table/anointments",
  "pages": [
    {
      "type": "bloodmagic:crafting_alchemy_table",
      "heading": "Archer's Polish",
      "recipe": "bloodmagic:alchemytable/bow_velocity_anointment",
      "text": "発射された矢の速度が50%増加します。これにより、矢が与えるダメージも比例して増加します。バニラのエンチャントともスタックします。$(br2)有効なアイテム: 弓、クロスボウ。$(br2)適用: スナイピング I (256 発)"
    },
    {
      "type": "bloodmagic:crafting_alchemy_table",
      "heading": "Archer's Polish L",
      "recipe": "bloodmagic:alchemytable/bow_velocity_anointment_l",
      "text": "このアップグレードされたバージョンの油注ぎは 4 倍長く持続します。$(br2)適用: スナイピング I (1024 発)"
    },
    {
      "type": "bloodmagic:crafting_alchemy_table",
      "heading": "Archer's Polish II",
      "recipe": "bloodmagic:alchemytable/bow_velocity_anointment_2",
      "text": "このアップグレードされたバージョンの油注ぎは、代わりに速度を 100% 増加させます。$(br2)適用: スナイピング II (256 発)"
    },
    {
      "type": "bloodmagic:crafting_alchemy_table",
      "heading": "Archer's Polish XL",
      "recipe": "bloodmagic:alchemytable/bow_velocity_anointment_xl",
      "text": "このアップグレードされたバージョンの油注は、16 倍長く持続します。$(br2)適用: スナイピング I (4096 発)"
    },
    {
      "type": "bloodmagic:crafting_alchemy_table",
      "heading": "Archer's Polish III",
      "recipe": "bloodmagic:alchemytable/bow_velocity_anointment_3",
      "text": "このアップグレードされたバージョンの油注ぎは、代わりに速度を 150% 増加させます。$(br2)適用: スナイピング III (256 発)"
    }
  ]
}