{
  "name": "アイロン先",
  "icon": "bloodmagic:bow_power_anointment",
  "category": "bloodmagic:alchemy_table/anointments",
  "pages": [
    {
      "type": "bloodmagic:crafting_alchemy_table",
      "heading": "Iron Tip",
      "recipe": "bloodmagic:alchemytable/bow_power_anointment",
      "text": "放たれた矢のダメージが25%増加します。バニラのエンチャントともスタックします。$(br2)有効なアイテム: 弓、クロスボウ。$(br2)適用：ヘビーショット I (256 発)"
    },
    {
      "type": "bloodmagic:crafting_alchemy_table",
      "heading": "Iron Tip L",
      "recipe": "bloodmagic:alchemytable/bow_power_anointment_l",
      "text": "このアップグレードされたバージョンの油注ぎは 4 倍長く持続します。$(br2)適用：ヘビーショット I (ショット数 1024)"
    },
    {
      "type": "bloodmagic:crafting_alchemy_table",
      "heading": "Iron Tip II",
      "recipe": "bloodmagic:alchemytable/bow_power_anointment_2",
      "text": "このアップグレードされたバージョンの油注ぎは、代わりにダメージを 50% 増加させます。$(br2)適用：ヘビーショット II (256 発)"
    },
    {
      "type": "bloodmagic:crafting_alchemy_table",
      "heading": "Iron Tip XL",
      "recipe": "bloodmagic:alchemytable/bow_power_anointment_xl",
      "text": "このアップグレードされたバージョンの油注は、16 倍長く持続します。$(br2)適用：ヘビーショット I (4096 発)"
    },
    {
      "type": "bloodmagic:crafting_alchemy_table",
      "heading": "Iron Tip III",
      "recipe": "bloodmagic:alchemytable/bow_power_anointment_3",
      "text": "このアップグレードされたバージョンの油注ぎは、代わりにダメージを 75% 増加させます。$(br2)適用: ヘビーショット III (256 発)"
    }
  ]
}