{
  "name": "フォルトゥナエキス",
  "icon": "bloodmagic:fortune_anointment",
  "category": "bloodmagic:alchemy_table/anointments",
  "pages": [
    {
      "type": "bloodmagic:crafting_alchemy_table",
      "heading": "Fortuna Extract",
      "recipe": "bloodmagic:alchemytable/fortune_anointment",
      "text": "一部の収穫ブロックの収量が増加します。幸運のエンチャントともスタックします。$(br2)有効なアイテム: ツール、剣、チャージ。$(br2)適用: 幸運 I (256 ブロック)"
    },
    {
      "type": "bloodmagic:crafting_alchemy_table",
      "heading": "Fortuna Extract L",
      "recipe": "bloodmagic:alchemytable/fortune_anointment_l",
      "text": "このアップグレードされたバージョンの油注ぎは 4 倍長く持続します。$(br2)適用: 幸運 I (1024 ブロック)"
    },
    {
      "type": "bloodmagic:crafting_alchemy_table",
      "heading": "Fortuna Extract II",
      "recipe": "bloodmagic:alchemytable/fortune_anointment_2",
      "text": "このアップグレードされたバージョンの塗油により、収量が増加します。$(br2)適用: Fortunate II (256 ブロック)"
    },
    {
      "type": "bloodmagic:crafting_alchemy_table",
      "heading": "Fortuna Extract XL",
      "recipe": "bloodmagic:alchemytable/fortune_anointment_xl",
      "text": "このアップグレードされたバージョンの油注は、16 倍長く持続します。$(br2)適用: 幸運 I (4096 ブロック)"
    },
    {
      "type": "bloodmagic:crafting_alchemy_table",
      "heading": "Fortuna Extract III",
      "recipe": "bloodmagic:alchemytable/fortune_anointment_3",
      "text": "このアップグレードされたバージョンの塗油により、収量が増加します。$(br2)適用: Fortunate III (256 ブロック)"
    }
  ]
}