{
  "name": "鉱夫の秘密",
  "icon": "bloodmagic:hidden_knowledge_anointment",
  "category": "bloodmagic:alchemy_table/anointments",
  "pages": [
    {
      "type": "bloodmagic:crafting_alchemy_table",
      "heading": "Miner's Secrets",
      "recipe": "bloodmagic:alchemytable/hidden_knowledge_anointment",
      "text": "経験値ドロップブロックは、収穫に成功すると追加の経験値をドロップします。ブロックごとに+2expをドロップします。追加の経験値がドロップしたときに消費されます。$(br2)有効なアイテム: ツール、剣。$(br2)適用: Miner's Secrets I (経験値ドロップ ブロック 256 個)"
    },
    {
      "type": "bloodmagic:crafting_alchemy_table",
      "heading": "Miner's Secrets L",
      "recipe": "bloodmagic:alchemytable/hidden_knowledge_anointment_l",
      "text": "このアップグレードされたバージョンの油注ぎは 4 倍長く持続します。$(br2)適用: Miner's Secrets I (経験値ドロップ ブロック 1024)"
    },
    {
      "type": "bloodmagic:crafting_alchemy_table",
      "heading": "Miner's Secrets II",
      "recipe": "bloodmagic:alchemytable/hidden_knowledge_anointment_2",
      "text": "このアップグレードされたバージョンの油注ぎは、ブロックあたりの収量を +4exp に増加させます。$(br2)適用: Miner's Secrets II (経験値ドロップ ブロック 256 個)"
    },
    {
      "type": "bloodmagic:crafting_alchemy_table",
      "heading": "Miner's Secrets XL",
      "recipe": "bloodmagic:alchemytable/hidden_knowledge_anointment_xl",
      "text": "このアップグレードされたバージョンの油注は、16 倍長く持続します。$(br2)適用: Miner's Secrets I (経験値ドロップ ブロック 4096)"
    },
    {
      "type": "bloodmagic:crafting_alchemy_table",
      "heading": "Miner's Secrets III",
      "recipe": "bloodmagic:alchemytable/hidden_knowledge_anointment_3",
      "text": "このアップグレードされたバージョンの油注ぎは、ブロックあたりの収量を +6exp に増加させます。$(br2)適用: Miner's Secrets III (経験値ドロップ ブロック 256 個)"
    }
  ]
}