{
  "name": "聖水",
  "icon": "bloodmagic:holy_water_anointment",
  "category": "bloodmagic:alchemy_table/anointments",
  "pages": [
    {
      "type": "bloodmagic:crafting_alchemy_table",
      "heading": "Holy Water",
      "recipe": "bloodmagic:alchemytable/holy_water_anointment",
      "text": "アンデッドMobに与える近接ダメージを一時的に+5します。$(br2)有効なアイテム: ツール、剣。$(br2)適用: ホーリー ライト I (256 ヒット)"
    },
    {
      "type": "bloodmagic:crafting_alchemy_table",
      "heading": "Holy Water L",
      "recipe": "bloodmagic:alchemytable/holy_water_anointment_l",
      "text": "このアップグレードされたバージョンの油注ぎは 4 倍長く持続します。$(br2)適用: ホーリー ライト I (1024 ヒット)"
    },
    {
      "type": "bloodmagic:crafting_alchemy_table",
      "heading": "Holy Water II",
      "recipe": "bloodmagic:alchemytable/holy_water_anointment_2",
      "text": "このアップグレードされたバージョンの油注ぎは、アンデッド Mob に与える近接ダメージを +10 増加させます。$(br2)適用: ホーリー ライト II (256 ヒット)"
    },
    {
      "type": "bloodmagic:crafting_alchemy_table",
      "heading": "Holy Water XL",
      "recipe": "bloodmagic:alchemytable/holy_water_anointment_xl",
      "text": "このアップグレードされたバージョンの油注は、16 倍長く持続します。$(br2)適用: ホーリー ライト I (4096 ヒット)"
    },
    {
      "type": "bloodmagic:crafting_alchemy_table",
      "heading": "Holy Water III",
      "recipe": "bloodmagic:alchemytable/holy_water_anointment_3",
      "text": "このアップグレードされたバージョンの油注ぎは、アンデッド Mob に与える近接ダメージを +15 増加させます。$(br2)適用: ホーリー ライト III (256 ヒット)"
    }
  ]
}