{
  "name": "略奪者の輝き",
  "icon": "bloodmagic:looting_anointment",
  "category": "bloodmagic:alchemy_table/anointments",
  "pages": [
    {
      "type": "bloodmagic:crafting_alchemy_table",
      "heading": "Plunderer's Glint",
      "recipe": "bloodmagic:alchemytable/looting_anointment",
      "text": "倒したMobからのドロップが増加します。略奪エンチャントともスタックします。$(br2)有効なアイテム: ツール、剣。$(br2)適用: 略奪 I (256 ヒット)"
    },
    {
      "type": "bloodmagic:crafting_alchemy_table",
      "heading": "Plunderer's Glint L",
      "recipe": "bloodmagic:alchemytable/looting_anointment_l",
      "text": "このアップグレードされたバージョンの油注ぎは 4 倍長く持続します。$(br2)適用: 略奪 I (1024 ヒット)"
    },
    {
      "type": "bloodmagic:crafting_alchemy_table",
      "heading": "Plunderer's Glint II",
      "recipe": "bloodmagic:alchemytable/looting_anointment_2",
      "text": "このアップグレードされたバージョンの油注ぎは、殺された暴徒からのドロップをさらに増やします。$(br2)適用: 略奪 II (256 ヒット)"
    },
    {
      "type": "bloodmagic:crafting_alchemy_table",
      "heading": "Plunderer's Glint XL",
      "recipe": "bloodmagic:alchemytable/looting_anointment_xl",
      "text": "このアップグレードされたバージョンの油注は、16 倍長く持続します。$(br2)適用: 略奪 I (4096 ヒット)"
    },
    {
      "type": "bloodmagic:crafting_alchemy_table",
      "heading": "Plunderer's Glint III",
      "recipe": "bloodmagic:alchemytable/looting_anointment_3",
      "text": "このアップグレードされたバージョンの油注ぎは、殺された暴徒からのドロップをさらに増やします。$(br2)適用: プランダリング III (256 ヒット)"
    }
  ]
}