{
  "name": "ホーニングオイル",
  "icon": "bloodmagic:melee_anointment",
  "category": "bloodmagic:alchemy_table/anointments",
  "pages": [
    {
      "type": "bloodmagic:crafting_alchemy_table",
      "heading": "Honing Oil",
      "recipe": "bloodmagic:alchemytable/melee_damage_anointment",
      "text": "一時的に近接ダメージが+3されます。$(br2)有効なアイテム: ツール、剣。$(br2)適用: 砥石 I (256 ヒット)"
    },
    {
      "type": "bloodmagic:crafting_alchemy_table",
      "heading": "Honing Oil L",
      "recipe": "bloodmagic:alchemytable/melee_damage_anointment_l",
      "text": "このアップグレードされたバージョンの油注ぎは 4 倍長く持続します。$(br2)適用: 砥石 I (1024 ヒット)"
    },
    {
      "type": "bloodmagic:crafting_alchemy_table",
      "heading": "Honing Oil II",
      "recipe": "bloodmagic:alchemytable/melee_damage_anointment_2",
      "text": "このアップグレードされたバージョンの油注ぎは、与える近接ダメージを +6 増加させます。$(br2)適用: 砥石 II (256 ヒット)"
    },
    {
      "type": "bloodmagic:crafting_alchemy_table",
      "heading": "Honing Oil XL",
      "recipe": "bloodmagic:alchemytable/melee_damage_anointment_xl",
      "text": "このアップグレードされたバージョンの油注は、16 倍長く持続します。$(br2)適用: 砥石 I (4096 ヒット)"
    },
    {
      "type": "bloodmagic:crafting_alchemy_table",
      "heading": "Honing Oil III",
      "recipe": "bloodmagic:alchemytable/melee_damage_anointment_3",
      "text": "このアップグレードされたバージョンの油注ぎは、与える近接ダメージを +9 増加させます。$(br2)適用: 砥石 III (256 ヒット)"
    }
  ]
}