{
  "name": "器用さのアルカヘスト",
  "icon": "bloodmagic:quick_draw_anointment",
  "category": "bloodmagic:alchemy_table/anointments",
  "pages": [
    {
      "type": "bloodmagic:crafting_alchemy_table",
      "heading": "Dexterity Alkahest",
      "recipe": "bloodmagic:alchemytable/quick_draw_anointment",
      "text": "弓とクロスボウの描画時間を 33% 短縮します。$(br2)有効なアイテム: 弓、クロスボウ。$(br2)適用: デフハンド I (256 ショット)"
    },
    {
      "type": "bloodmagic:crafting_alchemy_table",
      "heading": "Dexterity Alkahest L",
      "recipe": "bloodmagic:alchemytable/quick_draw_anointment_l",
      "text": "このアップグレードされたバージョンの油注ぎは 4 倍長く持続します。$(br2)適用: デフハンド I (1024 ショット)"
    },
    {
      "type": "bloodmagic:crafting_alchemy_table",
      "heading": "Dexterity Alkahest II",
      "recipe": "bloodmagic:alchemytable/quick_draw_anointment_2",
      "text": "このアップグレードされたバージョンの油注ぎは、弓とクロスボウの描画時間を 50% 短縮します。$(br2)適用: デフト ハンズ II (256 ショット)"
    },
    {
      "type": "bloodmagic:crafting_alchemy_table",
      "heading": "Dexterity Alkahest XL",
      "recipe": "bloodmagic:alchemytable/quick_draw_anointment_xl",
      "text": "このアップグレードされたバージョンの油注は、16 倍長く持続します。$(br2)適用: デフハンズ I (4096 ショット)"
    },
    {
      "type": "bloodmagic:crafting_alchemy_table",
      "heading": "Dexterity Alkahest III",
      "recipe": "bloodmagic:alchemytable/quick_draw_anointment_3",
      "text": "このアップグレードされたバージョンの油注ぎは、弓とクロスボウの描画時間を 67% 短縮します。$(br2)適用: デフト ハンズ III (256 ショット)"
    }
  ]
}