{
  "name": "ソフトコーティング",
  "icon": "bloodmagic:silk_touch_anointment",
  "category": "bloodmagic:alchemy_table/anointments",
  "pages": [
    {
      "type": "bloodmagic:crafting_alchemy_table",
      "heading": "Soft Coating",
      "recipe": "bloodmagic:alchemytable/silk_touch_anointment",
      "text": "採取したブロックにシルクタッチを適用します。バニラのエンチャントとは重複しません。$(br2)有効なアイテム: ツール、剣、チャージ。$(br2)適用: ソフトタッチ I (256 ブロック)"
    },
    {
      "type": "bloodmagic:crafting_alchemy_table",
      "heading": "Soft Coating L",
      "recipe": "bloodmagic:alchemytable/silk_touch_anointment_l",
      "text": "このアップグレードされたバージョンの油注ぎは 4 倍長く持続します。$(br2)適用: ソフトタッチ I (1024 ブロック)"
    },
    {
      "type": "bloodmagic:crafting_alchemy_table",
      "heading": "Soft Coating XL",
      "recipe": "bloodmagic:alchemytable/silk_touch_anointment_xl",
      "text": "このアップグレードされたバージョンの油注は、16 倍長く持続します。$(br2)適用: ソフトタッチ I (4096 ブロック)"
    }
  ]
}