{
  "name": "ゆっくり燃焼するオイル",
  "icon": "bloodmagic:smelting_anointment",
  "category": "bloodmagic:alchemy_table/anointments",
  "pages": [
    {
      "type": "bloodmagic:crafting_alchemy_table",
      "heading": "Slow-burning Oil",
      "recipe": "bloodmagic:alchemytable/smelting_anointment",
      "text": "収穫したブロックを熱を使って精錬します。$(br2)有効なアイテム: ツール、剣、チャージ。$(br2)適用: 加熱ツール I (256 ブロック)"
    },
    {
      "type": "bloodmagic:crafting_alchemy_table",
      "heading": "Slow-burning Oil L",
      "recipe": "bloodmagic:alchemytable/smelting_anointment_l",
      "text": "このアップグレードされたバージョンの油注ぎは 4 倍長く持続します。$(br2)適用: 加熱ツール I (1024 ブロック)"
    },
    {
      "type": "bloodmagic:crafting_alchemy_table",
      "heading": "Slow-burning Oil XL",
      "recipe": "bloodmagic:alchemytable/smelting_anointment_xl",
      "text": "このアップグレードされたバージョンの油注は、16 倍長く持続します。$(br2)適用: 加熱ツール I (4096 ブロック)"
    }
  ]
}