{
  "name": "ボイドエッセンス",
  "icon": "bloodmagic:voiding_anointment",
  "category": "bloodmagic:alchemy_table/anointments",
  "pages": [
    {
      "type": "bloodmagic:crafting_alchemy_table",
      "heading": "Void Essence",
      "recipe": "bloodmagic:alchemytable/voiding_anointment",
      "text": "石、土、ネザーラックなどの採掘上の単純なブロックを削除します。$(br2)有効なアイテム: ツール、剣、チャージ。$(br2)適用: ボイド I (256 ブロック)"
    },
    {
      "type": "bloodmagic:crafting_alchemy_table",
      "heading": "Void Essence L",
      "recipe": "bloodmagic:alchemytable/voiding_anointment_l",
      "text": "このアップグレードされたバージョンの油注ぎは 4 倍長く持続します。$(br2)適用: ボイディング I (1024 ブロック)"
    },
    {
      "type": "bloodmagic:crafting_alchemy_table",
      "heading": "Void Essence XL",
      "recipe": "bloodmagic:alchemytable/voiding_anointment_xl",
      "text": "このアップグレードされたバージョンの油注は、16 倍長く持続します。$(br2)適用: ボイディング I (4096 ブロック)"
    }
  ]
}