{
  "name": "軟膏の修復",
  "icon": "bloodmagic:weapon_repair_anointment",
  "category": "bloodmagic:alchemy_table/anointments",
  "pages": [
    {
      "type": "bloodmagic:crafting_alchemy_table",
      "heading": "Repairing Salve",
      "recipe": "bloodmagic:alchemytable/weapon_repair_anointment",
      "text": "ツール使用時に破損したツールを1ポイント修復します。$(br2)有効なアイテム: ツール、剣。$(br2)適用: 定期メンテナンス I (256 ブロック)"
    },
    {
      "type": "bloodmagic:crafting_alchemy_table",
      "heading": "Repairing Salve L",
      "recipe": "bloodmagic:alchemytable/weapon_repair_anointment_l",
      "text": "このアップグレードされたバージョンの油注ぎは 4 倍長く持続します。$(br2)適用: 定期メンテナンス I (1024 ブロック)"
    },
    {
      "type": "bloodmagic:crafting_alchemy_table",
      "heading": "Repairing Salve II",
      "recipe": "bloodmagic:alchemytable/weapon_repair_anointment_2",
      "text": "このアップグレードされたバージョンの油塗りは、ダメージを受けるごとにツールを 2 ポイント修復します。修理ボーナスの一部が無駄になる場合は発動しません。$(br2)適用: 定期メンテナンス II (256 ブロック)"
    },
    {
      "type": "bloodmagic:crafting_alchemy_table",
      "heading": "Repairing Salve XL",
      "recipe": "bloodmagic:alchemytable/weapon_repair_anointment_xl",
      "text": "このアップグレードされたバージョンの油注は、16 倍長く持続します。$(br2)適用: 定期メンテナンス I (4096 ブロック)"
    },
    {
      "type": "bloodmagic:crafting_alchemy_table",
      "heading": "Repairing Salve III",
      "recipe": "bloodmagic:alchemytable/weapon_repair_anointment_3",
      "text": "このアップグレードされたバージョンの油塗りは、ダメージを受けるごとにツールを 3 ポイント修復します。修理ボーナスの一部が無駄になる場合は発動しません。$(br2)適用: 定期メンテナンス III (256 ブロック)"
    }
  ]
}