{
  "name": "Movement Array",
  "icon": "minecraft:feather",
  "category": "bloodmagic:alchemy_array/functional_array",
  "pages": [
    {
      "type": "patchouli:text",
      "text": "The Movement Arrays are a pair of arrays that throws players, mobs, items, etc in a specific direction.  One will throw the items horizontally, while the other will throw them vertically."
    },
    {
      "type": "bloodmagic:2x_functional_array",
      "a.heading": "Speed Array",
      "a.recipe": "bloodmagic:array/movement",
      "a.image": "movementarray.png",
      "b.heading": "Updraft Array",
      "b.recipe": "bloodmagic:array/updraft",
      "b.image": "updraftarray.png"
    }
  ]
}
