{
  "name": "爆発物",
  "icon": "bloodmagic:shaped_charge",
  "category": "bloodmagic:demon_will/demonic_items",
  "pages": [
    {
      "type": "patchouli:text",
      "text": "大きな夢を抱くことを拒否する人々にとって、鉱業や森林伐採はすべて良いことだが、自尊心のあるサンギマンがそんなことに身をかがめるだろうか？$(br2)これを念頭に置いて、あなたはいくつかの巧妙な小さな装置を考案しました。厄介な木や岩、その他消したいものに投げて、自然発火するのを待つだけです。"
    },
    {
      "type": "patchouli:text",
      "text": "それだけでなく、各エントリの後に説明されているように、特定の材料と少しの$(raw)Will$() を使用して$(item)Anointing$() することで、機能を向上させることができます。$(br2)現在利用可能なアノントメントは次のとおりです:$(li)Fortunate - 壊れたブロックは$(thing)Fortune$() の影響を受けます。$(li)加熱ツール - 壊れたブロックは$(thing)Smelted$() です。$(li)ソフト タッチ - 壊れたブロックは$(thing)Silk Touch$() の影響を受けます。$(li)無効化 - 「ジャンク」ブロックはアイテムとしてドロップされるのではなく、無効化されます。"
    },
    {
      "type": "bloodmagic:crafting_soulforge",
      "heading": "Shaped Charge",
      "recipe": "bloodmagic:soulforge/shaped_charge",
      "anchor": "shaped_charge",
      "text": "$(item)型の Charge$() は、ブロックのどちら側に着地しても、5x5x5 の立方体を破壊し、つるはしで採掘したかのようにすべてのブロックを落とします。Obsidian でも動作し、その際に最も満足のいく$(o)KABOOM$() を提供します。"
    },
    {
      "type": "bloodmagic:3x_crafting_soulforge",
      "a.heading": "Voiding",
      "a.recipe": "bloodmagic:soulforge/shaped_charge_voiding",
      "b.heading": "Heated Tool",
      "b.recipe": "bloodmagic:soulforge/shaped_charge_smelting",
      "c.heading": "Soft Touch",
      "c.recipe": "bloodmagic:soulforge/shaped_charge_silk_touch"
    },
    {
      "type": "bloodmagic:crafting_soulforge",
      "heading": "Fortunate",
      "recipe": "bloodmagic:soulforge/shaped_charge_fortune_1"
    },
    {
      "type": "bloodmagic:crafting_soulforge",
      "heading": "Augmented Shaped Charge",
      "recipe": "bloodmagic:soulforge/aug_shaped_charge",
      "anchor": "shaped_charge_2",
      "text": "$(item)Augmented Shaped Charge$() は、標準の Shaped Charge からの直接アップグレードです。ブロックのどちら側に着地しても、7x7x7 の立方体を破壊し、つるはしで採掘したかのようにすべてのブロックを落とします。$(thing)Fortune II$() を塗ることもできます。"
    },
    {
      "type": "bloodmagic:3x_crafting_soulforge",
      "a.heading": "Voiding",
      "a.recipe": "bloodmagic:soulforge/aug_shaped_charge_voiding",
      "b.heading": "Heated Tool",
      "b.recipe": "bloodmagic:soulforge/aug_shaped_charge_smelting_l",
      "c.heading": "Soft Touch",
      "c.recipe": "bloodmagic:soulforge/aug_shaped_charge_silk_touch_l"
    },
    {
      "type": "bloodmagic:2x_crafting_soulforge",
      "a.heading": "Fortunate",
      "a.recipe": "bloodmagic:soulforge/aug_shaped_charge_fortune_1_l",
      "b.heading": "Fortunate II",
      "b.recipe": "bloodmagic:soulforge/aug_shaped_charge_fortune_2_l"
    },
    {
      "type": "bloodmagic:crafting_soulforge",
      "heading": "Tunneling Shaped Charge",
      "recipe": "bloodmagic:soulforge/shaped_charge",
      "anchor": "shaped_charge",
      "text": "$(item)Tunneling Shaped Charge$() は、ブロックのどちら側に着地しても、5x5x20 のトンネルを破壊し、つるはしで採掘したかのようにすべてのブロックを落とします。採掘に適しています。"
    },
    {
      "type": "bloodmagic:3x_crafting_soulforge",
      "a.heading": "Voiding",
      "a.recipe": "bloodmagic:soulforge/shaped_charge_deep_voiding",
      "b.heading": "Heated Tool",
      "b.recipe": "bloodmagic:soulforge/shaped_charge_deep_smelting_l",
      "c.heading": "Soft Touch",
      "c.recipe": "bloodmagic:soulforge/shaped_charge_deep_silk_touch_l"
    },
    {
      "type": "bloodmagic:2x_crafting_soulforge",
      "a.heading": "Fortunate",
      "a.recipe": "bloodmagic:soulforge/shaped_charge_deep_fortune_1_l",
      "b.heading": "Fortunate II",
      "b.recipe": "bloodmagic:soulforge/shaped_charge_deep_fortune_2_l"
    },
    {
      "type": "bloodmagic:crafting_soulforge",
      "heading": "Deforester Charge",
      "recipe": "bloodmagic:soulforge/deforester_charge",
      "anchor": "deforester_charge",
      "text": "$(item)Deforester Charge$() は木を伐採するためのものです。これは丸太や葉っぱに使用でき、最も強い木以外はすべて倒し、一度に$(item)2 スタック $() の丸太を粉砕します (そして、その過程で遭遇した葉はすべてき​​れいに剥ぎ取ります!) ジャングルの巨大な木でさえ、ほんの数秒で倒れます。"
    },
    {
      "type": "bloodmagic:3x_crafting_soulforge",
      "a.heading": "Voiding",
      "a.recipe": "bloodmagic:soulforge/deforester_charge_voiding",
      "b.heading": "Heated Tool",
      "b.recipe": "bloodmagic:soulforge/deforester_charge_smelting",
      "c.heading": "Soft Touch",
      "c.recipe": "bloodmagic:soulforge/deforester_charge_silk_touch"
    },
    {
      "type": "bloodmagic:crafting_soulforge",
      "heading": "Fortunate",
      "recipe": "bloodmagic:soulforge/deforester_charge_fortune_1"
    },
    {
      "type": "bloodmagic:crafting_soulforge",
      "heading": "Deforester Charge II",
      "recipe": "bloodmagic:soulforge/deforester_charge_2",
      "anchor": "deforester_charge_2",
      "text": "$(item)Deforester Charge II$() は、標準の Deforester Charge と同様に、木材や樹木を破壊するためのものです。最大 8x64 の丸太を分割し、接続されている葉をすべて取り除きます。見た目が気に入ったダークオークの森やジャングルで素敵な空き地を作るのに最適です。"
    },
    {
      "type": "bloodmagic:3x_crafting_soulforge",
      "a.heading": "Voiding",
      "a.recipe": "bloodmagic:soulforge/deforester_charge_voiding",
      "b.heading": "Heated Tool",
      "b.recipe": "bloodmagic:soulforge/deforester_charge_2_smelting_l",
      "c.heading": "Soft Touch",
      "c.recipe": "bloodmagic:soulforge/deforester_charge_2_silk_touch_l"
    },
    {
      "type": "bloodmagic:2x_crafting_soulforge",
      "a.heading": "Fortunate",
      "a.recipe": "bloodmagic:soulforge/deforester_charge_2_fortune_1_l",
      "b.heading": "Fortunate II",
      "b.recipe": "bloodmagic:soulforge/deforester_charge_2_fortune_2_l"
    },
    {
      "type": "bloodmagic:crafting_soulforge",
      "heading": "Controlled Charge",
      "recipe": "bloodmagic:soulforge/vein_charge",
      "anchor": "controlled_charge",
      "text": "$(item)Controlled Charge$() は、$() に到達したブロックと同一のブロック$(thing)のみを破壊します。元の地点から探してブロックを最大 3 つまで破壊します。他の料金と同様に、採掘されたブロックはすべてドロップされます。"
    },
    {
      "type": "bloodmagic:3x_crafting_soulforge",
      "a.heading": "Voiding",
      "a.recipe": "bloodmagic:soulforge/vein_charge_voiding",
      "b.heading": "Heated Tool",
      "b.recipe": "bloodmagic:soulforge/vein_charge_smelting",
      "c.heading": "Soft Touch",
      "c.recipe": "bloodmagic:soulforge/vein_charge_silk_touch"
    },
    {
      "type": "bloodmagic:crafting_soulforge",
      "heading": "Fortunate",
      "recipe": "bloodmagic:soulforge/vein_charge_fortune_1"
    },
    {
      "type": "bloodmagic:crafting_soulforge",
      "heading": "Controlled Charge II",
      "recipe": "bloodmagic:soulforge/vein_charge_2",
      "anchor": "controlled_charge_2",
      "text": "$(item)Controlled Charge II$() は$(item)Controlled Charge$() と同じように動作しますが、一度に最大 8 つのブロック スタックを破壊します。"
    },
    {
      "type": "bloodmagic:3x_crafting_soulforge",
      "a.heading": "Voiding",
      "a.recipe": "bloodmagic:soulforge/vein_charge_2_voiding",
      "b.heading": "Heated Tool",
      "b.recipe": "bloodmagic:soulforge/vein_charge_2_smelting_l",
      "c.heading": "Soft Touch",
      "c.recipe": "bloodmagic:soulforge/vein_charge_2_silk_touch_l"
    },
    {
      "type": "bloodmagic:2x_crafting_soulforge",
      "a.heading": "Fortunate",
      "a.recipe": "bloodmagic:soulforge/vein_charge_2_fortune_1_l",
      "b.heading": "Fortunate II",
      "b.recipe": "bloodmagic:soulforge/vein_charge_2_fortune_2_l"
    },
    {
      "type": "bloodmagic:crafting_soulforge",
      "heading": "Fungal Charge",
      "recipe": "bloodmagic:soulforge/fungal_charge",
      "anchor": "fungal_charge",
      "text": "$(item)Fungal Charge$() は、オーバーワールドとネザーの両方で巨大キノコを伐採するためのものです。1 回の充電でこれに到達できるかどうかは疑問ですが、最大$(item)3 つのブロック $() スタックが分割される可能性があります。"
    },
    {
      "type": "bloodmagic:3x_crafting_soulforge",
      "a.heading": "Voiding",
      "a.recipe": "bloodmagic:soulforge/fungal_charge_voiding",
      "b.heading": "Heated Tool",
      "b.recipe": "bloodmagic:soulforge/fungal_charge_smelting",
      "c.heading": "Soft Touch",
      "c.recipe": "bloodmagic:soulforge/fungal_charge_silk_touch"
    },
    {
      "type": "bloodmagic:crafting_soulforge",
      "heading": "Fortunate",
      "recipe": "bloodmagic:soulforge/fungal_charge_fortune_1"
    },
    {
      "type": "bloodmagic:crafting_soulforge",
      "heading": "Fungal Charge_II",
      "recipe": "bloodmagic:soulforge/fungal_charge",
      "anchor": "fungal_charge_2",
      "text": "$(item)Fungal Charge II$() は、オーバーワールドとネザーの両方で巨大キノコを伐採するためのものです。1回のチャージで最大8スタックのキノコの恵みを破壊できます。$(br2)なぜこれが必要なのでしょうか?"
    },
    {
      "type": "bloodmagic:3x_crafting_soulforge",
      "a.heading": "Voiding",
      "a.recipe": "bloodmagic:soulforge/fungal_charge_2_voiding",
      "b.heading": "Heated Tool",
      "b.recipe": "bloodmagic:soulforge/fungal_charge_2_smelting_l",
      "c.heading": "Soft Touch",
      "c.recipe": "bloodmagic:soulforge/fungal_charge_2_silk_touch_l"
    },
    {
      "type": "bloodmagic:2x_crafting_soulforge",
      "a.heading": "Fortunate",
      "a.recipe": "bloodmagic:soulforge/fungal_charge_2_fortune_1_l",
      "b.heading": "Fortunate II",
      "b.recipe": "bloodmagic:soulforge/fungal_charge_2_fortune_2_l"
    }
  ]
}