{
  "name": "センティエントツール",
  "icon": "bloodmagic:soulpickaxe",
  "category": "bloodmagic:demon_will/demonic_items",
  "pages": [
    {
      "type": "patchouli:text",
      "text": "$(l:bloodmagic:demon_will/demonic_items/sentient_sword)Sentient Sword$() は大成功であることが証明されました。他のツールが同様の処理にどのように反応するのか疑問に思うでしょう...$(br2)これらのツールは、$(l:bloodmagic:demon_will/demonic_items/sentient_sword)センティエント ソード$() と同様に、金床の$(l:bloodmagic:demon_will/will_manipulation/crystallized_will)結晶化された意志$() で修復できることに注意してください。$(br2)センティエント ツールと武器はすべて高度なエンチャントが可能であると言いましたか?"
    },
    {
      "type": "bloodmagic:crafting_soulforge",
      "heading": "Sentient Pickaxe",
      "recipe": "bloodmagic:soulforge/sentientpickaxe",
      "text": "このツルハシは意志によって改良され、石を簡単に切り裂きます。動力を与える意志がないため、作成元の$(item)鉄のつるはし$() よりもわずかに優れているだけです。しかし、$(l:bloodmagic:demon_will/will_manipulation/soul_gem)Tartaric Gem$() が十分にあれば、$(item)Netherite Pickaxe$() をも超えることが予想されます。"
    },
    {
      "type": "patchouli:text",
      "text": "$(item)Sentient Scythe$() は、鉄製のツールとは少し異なります。意志を宿すことで恐るべき武器へと姿を変えた。速度が遅く、他の武器ほど強力ではありませんが、その素晴らしいスイングは範囲内のすべての敵にフルダメージを与えるため、群衆を制御するのに最適です。"
    },
    {
      "type": "bloodmagic:crafting_soulforge",
      "heading": "Sentient Scythe",
      "recipe": "bloodmagic:soulforge/sentientscythe",
      "text": "つるはしと同様、大鎌に動力を供給する意志がなければ、比較的鈍くて扱いにくいです。しかし、十分に充実した$(l:bloodmagic:demon_will/will_manipulation/soul_gem)Tartaric Gem$() を使用すると、これが壊滅的なツールになることが予想されます。$(br)それはまだ鍬として機能していると言いましたか?"
    },
    {
      "type": "patchouli:text",
      "text": "$(item)Sentient Pickaxe$() と同様に、$(item)Sentient Axe$() は、Iron の対応物に比べて顕著な改善が施されています。さらに、ダメージ出力が大幅に向上するため、扱いにくい性質を気にしない人にとっては恐ろしい武器になります。"
    },
    {
      "type": "bloodmagic:crafting_soulforge",
      "heading": "Sentient Axe",
      "recipe": "bloodmagic:soulforge/sentientaxe",
      "text": "つるはしと同様、斧に動力を供給する意志がなければ、それが作られた$(item)Iron Axe$() よりもわずかに優れているだけです。しかし、$(l:bloodmagic:demon_will/will_manipulation/soul_gem)Tartaric Gem$() が十分にあれば、$(item)Netherite Axe$() をも上回ることが予想されます。"
    },
    {
      "type": "patchouli:text",
      "text": "$(item)Sentient Pickaxe$() と同様に、$(item)Sentient Shovel$() は、追加の$(l:bloodmagic:demon_will/will_manipulation/demon_will)Demon Will$() を使用しなくても、Iron の対応物よりも顕著に改善されています。"
    },
    {
      "type": "bloodmagic:crafting_soulforge",
      "heading": "Sentient Shovel",
      "recipe": "bloodmagic:soulforge/sentientshovel",
      "text": "つるはしと同様に、シャベルに動力を供給する意志がなければ、それを作成した$(item)鉄のシャベル$() よりもわずかに優れているだけです。しかし、$(l:bloodmagic:demon_will/will_manipulation/soul_gem)Tartaric Gem$() が十分にあれば、$(item)Netherite Shovel$() をも超えることが予想されます。"
    }
  ]
}