{
  "name": "センティエントソード",
  "icon": "bloodmagic:soulsword",
  "category": "bloodmagic:demon_will/demonic_items",
  "pages": [
    {
      "type": "patchouli:text",
      "text": "$(item)Sentient Sword$() は、$(l:bloodmagic:demon_will/will_manipulation/soul_snare)Soul Snares$() が期待するよりも、$(l:bloodmagic:demon_will/will_manipulation/demon_will)Demon Will$() を収集するためのはるかに効果的なツールです。最初は弱いように見えるかもしれませんが、あなたが運ぶ意志によって動かされるので、$(l:bloodmagic:demon_will/will_manipulation/soul_gem)Tartaric Gem$() を作成することが必須です。$(br2)すべての$(l:bloodmagic:demon_will/demonic_items/sentient_tools)Sentient Tools$() と同様に、剣は金床内の$(l:bloodmagic:demon_will/will_manipulation/crystallized_will)Crystallized Will$() で修理できることに注意してください。"
    },
    {
      "type": "bloodmagic:crafting_soulforge",
      "heading": "Sentient Sword",
      "recipe": "bloodmagic:soulforge/sentientsword",
      "text": "この剣はあなたに役立つでしょう。$(br2)剣を装備しているときに [$(k:use)] を押すと剣のステータスを更新できることに注意してください。最近大量の$(raw)Will$() を取得した場合、またはおそらく初めて新しい Aspect of Will を試している場合、これは良い考えかもしれません。"
    }
  ]
}