{
  "name": "投げダガー",
  "icon": "bloodmagic:throwing_dagger",
  "category": "bloodmagic:demon_will/demonic_items",
  "extra_recipe_mappings": {
    "bloodmagic:slate_ampoule": 3
  },
  "pages": [
    {
      "type": "patchouli:text",
      "text": "$(item)Bows$() と$(item)Crossbows$() はそれなりに問題ありませんが、$(item)Gravel$() をふるいにかけて$(item)Flint$() を求めたり、鶏をむしって$(item)Feathers$() を得るのは、率直に言って、レベルが低いです。これらの光沢のある (そして非常に鋭い)$(item)Throwing Daggers$() には、自分で言うのもなんですが、かなり邪悪な効果もあります。"
    },
    {
      "type": "bloodmagic:crafting_soulforge",
      "heading": "Iron Throwing Dagger",
      "recipe": "bloodmagic:soulforge/throwing_dagger",
      "anchor": "iron_throwing_dagger",
      "text": "$(item)Iron Throwing Dagger$() は速攻の攻撃で、適切なクールダウンで 10 ダメージを与えます。それだけでなく、$(l:bloodmagic:demon_will/will_manipulation/demon_will)デーモン Will$() を持っている場合 (生の形であれ、$(l:bloodmagic:demon_will/will_manipulation/soul_gem)Tartaric Gem$() 内に保存されていたとしても、$(l:bloodmagic:demon_will/demonic_items/sentient_sword)Sentient Sword$() と同様に$(raw)Will$() をドロップします。"
    },
    {
      "type": "bloodmagic:crafting_soulforge",
      "heading": "Syringe Throwing Dagger",
      "recipe": "bloodmagic:soulforge/throwing_dagger_syringe",
      "anchor": "syringe_throwing_dagger",
      "text": "$(item)Syringe Throwing Dagger$() は、$(raw)Will$() よりも$(blood)Life Essence$() の獲得に興味のあるサンギマンサー向けです。与えるダメージはわずかに少ないものの、かなり安価であり、この武器で殺された敵は$(item)スレート アンプル $() をドロップする可能性があります。十分な勇気があればそれ以上です。"
    },
    {
      "type": "patchouli:spotlight",
      "item": "bloodmagic:slate_ampoule",
      "title": "スレートアンプル",
      "text": "これらの楽しい小さなバイアルは、$(blood)500 LP$() をそこに移すために$(l:bloodmagic:altar/blood_altar)Blood Altar$() の近くで押しつぶされる可能性があり、その過程で$(item)Ampoule$() が破壊されます。これらのゲインは、所有している$(item)Runes$() の影響を受けません。"
    },
    {
      "type": "bloodmagic:crafting_soulforge",
      "heading": "Amethyst Throwing Dagger",
      "recipe": "bloodmagic:soulforge/throwing_dagger_copper",
      "anchor": "amethyst_throwing_dagger",
      "text": "$(item)アメジスト投げダガー$() は、$(item)鉄投げダガー$() と同じくらいのダメージを与えますが、Mob は殺されても$(raw)Will$() をドロップしません。代わりに、そのうち 8 つを$(item)Alchemy Reaction Chamber$() の$(l:bloodmagic:alchemy_table/potions)Lingering Alchemy Flask$() で作成し、$(item)Tipped Amethyst Throwing Daggers$() を作成できます。"
    },
    {
      "type": "bloodmagic:crafting_arc",
      "heading": "Tipped Throwing Dagger",
      "recipe": "bloodmagic:arc/tipped_copper",
      "text": "これらは、$(item)Lingering Alchemy Flask$() によって残された雲に足を踏み入れるのと同じように、攻撃したMob にその効果を伝達します。組み合わせた効果を試して、最も衰弱させる悪魔的な短剣を見つけてください!"
    }
  ]
}