{
  "name": "Bounce",
  "icon": "minecraft:slime_ball",
  "category": "bloodmagic:alchemy_table/potion_flasks/blood_magic",
  "pages": [
    {
      "type": "patchouli:text",
      "text": "If the target would take fall damage, $(thing)Bounce$() will instead cause them to spring harmlessly off the ground. Whee! $(br2)Crouching before impact will prevent you from bouncing."
    },
    {
      "type": "bloodmagic:3x_crafting_flask",
      "a.heading": "Bounce (3:00)",
      "a.recipe": "bloodmagic:flask/bounce",
      "b.heading": "Bounce (8:00)",
      "b.recipe": "bloodmagic:flask/length_bounce",
      "c.heading": "Bounce (21:20)",
      "c.recipe": "bloodmagic:flask/length_average_bounce"
    }
  ]
}
