{
  "name": "Obsidian Cloak",
  "icon": "minecraft:diamond",
  "category": "bloodmagic:alchemy_table/potion_flasks/blood_magic",
  "pages": [
    {
      "type": "patchouli:text",
      "text": "$(thing)Obsidian Cloak$() reduces all damage taken from non-magical sources by 20% per level."
    },
    {
      "type": "bloodmagic:3x_crafting_flask",
      "a.heading": "Obsidian Cloak (3:00)",
      "a.recipe": "bloodmagic:flask/hard_to_obsidian",
      "b.heading": "Obsidian Cloak (8:00)",
      "b.recipe": "bloodmagic:flask/length_obsidian_cloak",
      "c.heading": "Obsidian Cloak II (1:30)",
      "c.recipe": "bloodmagic:flask/potency_obsidian_cloak"
    },
    {
      "type": "patchouli:text",
      "text": "adding $(l:bloodmagic:alchemy_table/potions#average_potions)Standard Catalysts$() can further boost your potions."
    },
    {
      "type": "bloodmagic:2x_crafting_flask",
      "a.heading": "Obsidian Cloak III (0:45)",
      "a.recipe": "bloodmagic:flask/potency_average_obsidian_cloak",
      "b.heading": "Obsidian Cloak (21:20)",
      "b.recipe": "bloodmagic:flask/length_average_obsidian_cloak"
    }
  ]
}
