{
  "name": "Passive",
  "icon": "minecraft:honeycomb",
  "category": "bloodmagic:alchemy_table/potion_flasks/blood_magic",
  "pages": [
    {
      "type": "patchouli:text",
      "text": "$(thing)Passive$() prevents the affected target from attacking. Players are unaffected, however."
    },
    {
      "type": "bloodmagic:3x_crafting_flask",
      "a.heading": "Passive (3:00)",
      "a.recipe": "bloodmagic:flask/passivity",
      "b.heading": "Passive (8:00)",
      "b.recipe": "bloodmagic:flask/length_passivity",
      "c.heading": "Passive (21:20)",
      "c.recipe": "bloodmagic:flask/length_average_passivity"
    }
  ]
}
