{
  "name": "ボディビルダー",
  "icon": "minecraft:cooked_beef",
  "category": "bloodmagic:alchemy_array/living_equipment/armor_upgrades",
  "pages": [
    {
      "type": "patchouli:text",
      "text": "効果: ノックバック耐性とボーナス体力を付与します。100% の耐性と 10 個の半分のハートで上限に達します。$(br2)トレーニング者: 食べ物を食べること。$(br2)最大レベル: 5"
    },
    {
      "type": "bloodmagic:living_armour_upgrade_table",
      "upgrade": "bloodmagic:knockback_resist"
    }
  ]
}