{
  "name": "輝き",
  "icon": "minecraft:diamond",
  "category": "bloodmagic:alchemy_array/living_equipment/armor_upgrades",
  "pages": [
    {
      "type": "bloodmagic:crafting_alchemy_table",
      "heading": "Brilliance",
      "recipe": "bloodmagic:alchemytable/upgrade_brilliance",
      "text": "効果: 鎧の防御力が向上します。+5 アーマーと +8 タフネスで上限が設定されます。$(br2)トレーニング方法: 錬金術テーブルで生きた書物を作成する。各本は輝きを 1 レベル追加します。$(br2)最大レベル: 5"
    },
    {
      "type": "bloodmagic:living_armour_upgrade_table",
      "upgrade": "bloodmagic:diamond_protect"
    }
  ]
}