{
  "name": "チャージングストライク",
  "icon": "minecraft:golden_axe",
  "category": "bloodmagic:alchemy_array/living_equipment/armor_upgrades",
  "pages": [
    {
      "type": "patchouli:text",
      "text": "効果：疾走攻撃によるダメージとノックバックが最大+50%増加します。$(br2)訓練者: スプリント中にダメージを与える。$(br2)最大レベル: 5"
    },
    {
      "type": "bloodmagic:living_armour_upgrade_table",
      "upgrade": "bloodmagic:sprint_attack"
    }
  ]
}