{
  "name": "ソケット付き",
  "icon": "bloodmagic:soulsnare",
  "category": "bloodmagic:alchemy_array/living_equipment/armor_upgrades",
  "flag": "mod:curios",
  "pages": [
    {
      "type": "patchouli:text",
      "text": "互換性のある$(6)Blood Magic$() アイテムを保持できる$(thing)Living Armor Socket$() Curios スロットをプレイヤーに追加します。$(br2)このアップグレードはトレーニングできず、作成のみ可能です。デフォルトでは、$(l:bloodmagic:alchemy_array/living_equipment/living_tomes)Upgrade Tome$() ごとにスロットが 1 つ追加されます。"
    },
    {
      "type": "bloodmagic:crafting_upgrade_alchemy_table",
      "a.heading": "Socketed Tome",
      "a.recipe": "bloodmagic:alchemytable/curios_upgrade",
      "b.upgrade": "bloodmagic:curios_socket"
    }
  ]
}