{
  "name": "ドワーフの力",
  "icon": "minecraft:diamond_pickaxe",
  "category": "bloodmagic:alchemy_array/living_equipment/armor_upgrades",
  "pages": [
    {
      "type": "patchouli:text",
      "text": "効果: 同一のブロックをマイニングする際のマイニング速度が向上します。一定レベル以上、ブロック破壊後にヘイストバフを付与。$(br2)トレーニング者: マイニング。$(br2)最大レベル: 10"
    },
    {
      "type": "bloodmagic:living_armour_upgrade_table",
      "upgrade": "bloodmagic:digging"
    }
  ]
}