{
  "name": "エリトラ",
  "icon": "minecraft:elytra",
  "category": "bloodmagic:alchemy_array/living_equipment/armor_upgrades",
  "pages": [
    {
      "type": "patchouli:text",
      "text": "リビングアーマーにエリトラを追加します。$(l:bloodmagic:alchemy_array/living_equipment/living_tomes)Upgrade Tome$() はトレーニングを受けるのではなく、作成する必要があります。$(br2)このエリトラはチェストプレートから耐久性を消耗しますが、速度は通常のエリトラの半分です。$(br2)見た目もかなりすっきりしています。"
    },
    {
      "type": "bloodmagic:crafting_upgrade_array",
      "a.heading": "Elytra Tome",
      "a.recipe": "bloodmagic:array/living_elytra_upgrade",
      "b.upgrade": "bloodmagic:elytra"
    }
  ]
}