{
  "name": "経験豊富な",
  "icon": "minecraft:experience_bottle",
  "category": "bloodmagic:alchemy_array/living_equipment/armor_upgrades",
  "pages": [
    {
      "type": "patchouli:text",
      "text": "効果: Mob を倒した際の XP ドロップが最大 150% 増加します。$(br2)トレーニング方法: XP の収集。$(br2)最大レベル: 10"
    },
    {
      "type": "bloodmagic:living_armour_upgrade_table",
      "upgrade": "bloodmagic:experienced"
    }
  ]
}