{
  "name": "イグニスの贈り物",
  "icon": "minecraft:blaze_powder",
  "category": "bloodmagic:alchemy_array/living_equipment/armor_upgrades",
  "pages": [
    {
      "type": "patchouli:text",
      "text": "効果: 耐火性を提供します。レベルが高いほど持続時間が長くなり、リチャージが速くなります。$(br2)トレーニング者: 燃えていること。($(item)火耐性のポーション$() がここではあなたの友達になるかもしれません。)$(br2)最大レベル: 5"
    },
    {
      "type": "bloodmagic:living_armour_upgrade_table",
      "upgrade": "bloodmagic:fire_resist"
    }
  ]
}