{
  "name": "健康",
  "icon": "minecraft:golden_apple",
  "category": "bloodmagic:alchemy_array/living_equipment/armor_upgrades",
  "pages": [
    {
      "type": "patchouli:text",
      "text": "効果: 追加の体力を最大 50 個のハーフハートまで付与します。$(br2)訓練方法: 健康の回復 (通常の治癒、または$(item)治癒のポーション$() または$(item)再生のポーション$() 経由。)$(br2)最大レベル: 10"
    },
    {
      "type": "bloodmagic:living_armour_upgrade_table",
      "upgrade": "bloodmagic:health"
    }
  ]
}