{
  "name": "毒耐性",
  "icon": "minecraft:milk_bucket",
  "category": "bloodmagic:alchemy_array/living_equipment/armor_upgrades",
  "pages": [
    {
      "type": "patchouli:text",
      "text": "効果：毒を治す。クールダウンがあり、レベルが上がると短縮されます。$(br2)訓練者: 毒を盛られている。$(br2)最大レベル: 5"
    },
    {
      "type": "bloodmagic:living_armour_upgrade_table",
      "upgrade": "bloodmagic:poison_resist"
    }
  ]
}