{
  "name": "修理",
  "icon": "minecraft:anvil",
  "category": "bloodmagic:alchemy_array/living_equipment/armor_upgrades",
  "pages": [
    {
      "type": "patchouli:text",
      "text": "効果: 100 ティックごとに摩耗した鎧のランダムな部分を修復します$(br2)訓練方法: 胸当てを修復します (金床で、$(thing)Mending$() エンチャントなどを使用して)。$(br2)最大レベル: 1"
    },
    {
      "type": "bloodmagic:living_armour_upgrade_table",
      "upgrade": "bloodmagic:repair"
    }
  ]
}