{
  "name": "強い脚",
  "icon": "minecraft:diamond_leggings",
  "category": "bloodmagic:alchemy_array/living_equipment/armor_upgrades",
  "pages": [
    {
      "type": "patchouli:text",
      "text": "効果: ジャンプの高さを上げ、落下ダメージを軽減します。最大で追加の 7.5 ブロックと 83% の落下耐性が得られます。ジャンプ中に[$(k:sneak)]を押し続けると無効化できる。$(br2)トレーニング者: 飛び跳ねます。$(br2)最大レベル: 10"
    },
    {
      "type": "bloodmagic:living_armour_upgrade_table",
      "upgrade": "bloodmagic:jump"
    }
  ]
}