{
  "name": "タフなヤシの木",
  "icon": "bloodmagic:sacrificialdagger",
  "category": "bloodmagic:alchemy_array/living_equipment/armor_upgrades",
  "pages": [
    {
      "type": "patchouli:text",
      "text": "効果: 自己犠牲に最大 150% のボーナスを与えます。$(br2)訓練者: 犠牲のナイフで血を犠牲にする。$(br2)最大レベル: 10"
    },
    {
      "type": "bloodmagic:living_armour_upgrade_table",
      "upgrade": "bloodmagic:self_sacrifice"
    }
  ]
}