{
  "name": "デモナイト",
  "icon": "bloodmagic:dungeon_ore",
  "category": "bloodmagic:dungeons",
  "extra_recipe_mappings": {
    "bloodmagic:dungeon_ore": 0,
    "bloodmagic:rawdemonite": 0
  },
  "pages": [
    {
      "type": "patchouli:text",
      "text": "$(item)Demonite Ore$() は$(thing)Dungeons$() 内、特に$(thing)The Mines$() 内でのみ見つかります。迷路のような構造内のどこかで$(item)Foreman's Key$() を見つけ、それを使用して$(thing)Spatial Distortion$() のロックを解除することでアクセスできます。$(item)He​​llforged Ingots$() または$(item)He​​llforged Sand$() を作成するために使用できます。$(br2)Silk Touch で採掘すると、鉱石を直接採取できますが、それ以外の場合は、$(item)Raw Demonite$() の塊がドロップされます。"
    },
    {
      "type": "patchouli:smelting",
      "heading": "Hellforged Ingot",
      "recipe": "bloodmagic:smelting/ingot_from_demonite",
      "recipe2": "bloodmagic:smelting/ingot_from_raw_hellforged",
      "recipe3": "bloodmagic:smelting/ingot_hellforged"
    },
    {
      "type": "patchouli:smelting",
      "heading": "Hellforged Ingot",
      "recipe": "bloodmagic:smelting/ingot_hellforged"
    },
    {
      "type": "bloodmagic:3x_crafting_arc",
      "a.heading": "Hellforged Sand",
      "a.recipe": "bloodmagic:arc/dustsfrom_gravel_hellforged",
      "b.recipe": "bloodmagic:arc/dustsfrom_ore_hellforged",
      "c.recipe": "bloodmagic:arc/dustsfrom_raw_hellforged"
    },
    {
      "type": "bloodmagic:2x_crafting_arc",
      "a.heading": "Demonite Processing",
      "a.recipe": "bloodmagic:arc/fragmentshellforged",
      "b.recipe": "bloodmagic:arc/gravelshellforged"
    },
    {
      "type": "patchouli:crafting",
      "heading": "Hellforged Block",
      "recipe": "bloodmagic:hellforged_block"
    }
  ]
}