{
  "name": "無限の王国",
  "icon": "bloodmagic:special_dungeon_seal",
  "category": "bloodmagic:dungeons",
  "extra_recipe_mappings": {
    "bloodmagic:special_dungeon_seal": 0,
    "bloodmagic:hellforgedparts": 3
  },
  "pages": [
    {
      "type": "patchouli:text",
      "text": "その弟である$(l:bloodmagic:rituals/ritual_list/ritual_simple_dungeon)Edge of the Hidden Realm$() 儀式と同様に、$(l:bloodmagic:rituals/ritual_list/ritual_standard_dungeon)Pathway to the Endless Realm$() を使用して$(thing)Demon Realm$() に適切にアクセスできます。再び$(thing)Inversion Pillar$() を見ていることに気づくでしょう。$(thing)Antechamber$() と同様に、不注意なデーモン (またはおそらく不運なサンギマンサー) が残した単純な戦利品チェストと、その横に多数の出入り口が見つかります。"
    },
    {
      "type": "patchouli:text",
      "text": "別の反転柱を使って家に戻ります。$(br2)これらのダンジョンの部屋には、前室で見つけたものよりもさらに恐ろしい敵が詰め込まれており、それに匹敵する戦利品もあります。$(thing)空間歪み$() や、$(item)職長のキー$() などの珍しい$(l:bloodmagic:dungeons/keys)キー$() に注意してください。"
    },
    {
      "type": "patchouli:text",
      "text": "職長の鍵を使用すると、$(thing)The Mines$() に入場できるようになり、難易度と報酬の両方がさらに上がります。高 Tier$(l:bloodmagic:alchemy_table/potions)ポーションクラフト $() と$(l:bloodmagic:altar/blood_altar)Tier-5 Blood Altar$() およびそれに付随する$(l:bloodmagic:altar/soul_network)Orb$() に不可欠な$(l:bloodmagic:dungeons/demonite)Demonite Ore$() に加えて、よりありふれた戦利品、エンチャントされた武器やツール、油塗り、ポーションなどが大量に見つかります。"
    },
    {
      "type": "patchouli:spotlight",
      "item": "bloodmagic:hellforgedparts",
      "title": "複雑なヘルフォージドパーツ",
      "text": "十分に探索すれば、幸運にも$(item)複雑な Hellforged Parts$() を見つけることができるかもしれません。これを使用すると、既存の$(item)Runes$() の能力を 2 倍にすることができます。2 つの$(blood)Blood Altars$() を 1 つにまとめたようなものです。"
    }
  ]
}