{
  "name": "ダンジョンの鍵",
  "icon": "bloodmagic:simplekey",
  "category": "bloodmagic:dungeons",
  "extra_recipe_mappings": {
    "bloodmagic:mineentrancekey": 2
  },
  "pages": [
    {
      "type": "patchouli:text",
      "text": "$(item)Keys$() は、$(thing)Dungeons$() を移動するための最初の方法です。これらは$(thing)Demon Realm$() 内のダンジョン チェスト内で見つけることができ、または作成することもできます。最も基本的な種類は$(item)Iron Keys$() で、これは$(thing)The Antechamber$() 内と$(thing)Demon Realm$() の最も近いレベル内に生成されます。"
    },
    {
      "type": "patchouli:text",
      "text": "最終的には、ダンジョンを探索しているときに$(thing)Spatial Distortion$() に遭遇する可能性があります。これらは特別で珍しい鍵でのみ開くことができ、作成することはできず、代わりに悪魔の領域内のどこかで見つける必要があります。空間の歪みは魔界内でのみ発生し、前室では決して見つかりません。"
    },
    {
      "type": "patchouli:spotlight",
      "item": "bloodmagic:mineentrancekey",
      "title": "鉱山",
      "text": "$(thing)鉱山 $() への入り口は$(thing)職長の鍵 $() でのみ開けることができますが、それを越える他のすべてのドアは$(thing)鉱山労働者の鍵 $() で開けることができます。鉱山では、$(l:bloodmagic:dungeons/demonite)Demonite ore$() と、よりレアな戦利品へのアクセスが許可されますが、それに見合う挑戦が伴います。"
    },
    {
      "type": "bloodmagic:crafting_soulforge",
      "heading": "Iron Key",
      "recipe": "bloodmagic:soulforge/simple_key",
      "text": "$(italic)そんなに簡単なら、なぜロックを解除できないのでしょうか?$()"
    },
    {
      "type": "bloodmagic:crafting_soulforge",
      "heading": "Miner's Key",
      "recipe": "bloodmagic:soulforge/mine_key",
      "text": "$(italic)仕事に出発です...!$()"
    }
  ]
}