{
  "name": "前室",
  "icon": "bloodmagic:dungeon_seal",
  "category": "bloodmagic:dungeons",
  "extra_recipe_mappings": {
    "bloodmagic:inversion_pillar": 0,
    "bloodmagic:dungeon_seal": 0,
    "bloodmagic:dungeon_controller": 0,
    "bloodmagic:inversion_pillar_cap": 0,
    "bloodmagic:dungeon_brick3": 1,
    "bloodmagic:dungeon_brick2": 1,
    "bloodmagic:dungeon_brick1": 1,
    "bloodmagic:dungeon_brick_assorted": 1,
    "bloodmagic:dungeon_stone": 1,
    "bloodmagic:dungeon_eye": 1,
    "bloodmagic:dungeon_polished": 1,
    "bloodmagic:dungeon_tile": 1,
    "bloodmagic:dungeon_tilespecial": 1,
    "bloodmagic:dungeon_smallbrick": 1,
    "bloodmagic:dungeon_brick_stairs": 1,
    "bloodmagic:dungeon_polished_stairs": 1,
    "bloodmagic:dungeon_pillar_center": 1,
    "bloodmagic:dungeon_pillar_special": 1,
    "bloodmagic:dungeon_pillar_cap": 1,
    "bloodmagic:dungeon_brick_wall": 1,
    "bloodmagic:dungeon_polished_wall": 1,
    "bloodmagic:dungeon_brick_gate": 1,
    "bloodmagic:dungeon_polished_gate": 1,
    "bloodmagic:dungeon_brick_slab": 1,
    "bloodmagic:dungeon_tile_slab": 1,
    "bloodmagic:dungeon_regular_cracked_brick1": 1,
    "bloodmagic:dungeon_cracked_brick1": 1,
    "bloodmagic:dungeon_emitter": 1,
    "bloodmagic:dungeon_alternator": 1,
    "bloodmagic:spikes": 1,
    "bloodmagic:dungeon_spike_trap": 1
  },
  "pages": [
    {
      "type": "patchouli:text",
      "text": "$(l:bloodmagic:rituals/ritual_list/ritual_simple_dungeon)Edge of the Hidden Realm$() 儀式を実行すると、$(thing)Inversion Pillar$() を見ていることに気づくでしょう。この柱を右クリックすると前室に移動します。$(thing)悪魔の領域への最初の進出です。$()$(br)この最初の部屋には注目すべき点がいくつかあります:$(li)いくつかの基本的な戦利品と、運が良ければいくつかの$(l:bloodmagic:dungeons/keys)鉄の鍵が入った宝箱が 1 つあります$()。"
    },
    {
      "type": "patchouli:text",
      "text": "$(li)次に、いくつかの$(thing)戸口 $() で、それぞれが$(thing)ダンジョン シールでロックされています。$() これらのシールの$(item)Key$() を使用して、次の部屋のロックを解除します。$(li)3 番目は、$(item)Inversion Pillar$()、以前に呼び出したもののミラーです。[$(k:use)] これを使ってあなたの世界に戻ります。$(br2)ここには、ホームベースに華やかさが必要な場合に備えて、多数の装飾ブロックもあります。"
    },
    {
      "type": "patchouli:text",
      "text": "この控えの間から開く追加の部屋には、戦利品、モンスター、罠、そしておそらくいくつかの未起動の儀式の組み合わせが含まれています。目を離さないでください！$(br2)見つかる可能性のある戦利品の例:$(li)魔法の本$(li)魔法の武器と防具$(li)$(l:bloodmagic:alchemy_table/anointments)さまざまな聖油$()$(li)$(l:bloodmagic:demon_will/will_manipulation/demon_will)悪魔の意志$()$(li)ポーションの材料"
    },
    {
      "type": "patchouli:text",
      "text": "$(li)タウフルーツ$(li)飽和タウ$(li)タウオイル$(br2)狩りに出かけ、宝物や罠にも注意してください。"
    }
  ]
}