{
  "name": "タウフルーツ",
  "icon": "bloodmagic:weak_tau",
  "category": "bloodmagic:dungeons",
  "extra_recipe_mappings": {
    "bloodmagic:weak_tau": 0
  },
  "pages": [
    {
      "type": "patchouli:text",
      "text": "タウ フルーツは$(l:bloodmagic:dungeons/lobby)Simple Dungeons$() 内で見つけることができ、その後、栽培することができます。$(thing)Demon Realm$() のネイティブの住人であるため、そのライフサイクルは残念ながら、謙虚な$(item)Potato$() のライフサイクルよりも少し複雑です。$(br2)タウフルーツは、育てられた条件に応じて、2 つの品種のいずれかに成熟します。デフォルトでは、$(item)タウ フルーツ$() に成長し、$(item)タウ オイル$() に変換できます。"
    },
    {
      "type": "bloodmagic:crafting_alchemy_table",
      "heading": "Tau Oil",
      "recipe": "bloodmagic:alchemytable/tau_oil",
      "text": "$(italic)味はブラッド オレンジに似ていますが、異なります。$()"
    },
    {
      "type": "patchouli:text",
      "text": "タウオイルには現在 2 つの主な用途があります。$(l:bloodmagic:alchemy_table/anointments)anointment$() の持続時間を 4 倍に延長したり、__​​TAG1__ Intermediate Cutting Fluid$() を作成するのに使用できます。これは$(l:bloodmagic:utility/alchemical_reaction_chamber#basic_cutting_fluid)Basic Cutting Fluid$() と同様に機能しますが、持続時間が 8 倍長くなり、速度が 25% 向上します。"
    },
    {
      "type": "patchouli:spotlight",
      "item": "bloodmagic:strong_tau",
      "link_recipe": "true",
      "text": "ただし、$(item)Tau Fuit$() には、別の、より困難な成長ルートがあります。$(thing)Mob$() (牛など) がその上に立っている間に植物が成長すると、暗い空腹を満たすために実体から健康が浸出します。このようにして、$(item)飽和 Tau$() を成長させることができます。"
    }
  ]
}