{
  "name": "アップグレードの本",
  "icon": "bloodmagic:upgradetome",
  "priority": true,
  "category": "bloodmagic:alchemy_array/living_equipment",
  "extra_recipe_mappings": {
    "bloodmagic:upgradetome": 0
  },
  "pages": [
    {
      "type": "patchouli:text",
      "text": "$(l:bloodmagic:rituals/ritual_list/ritual_upgrade_remove)Sound of the Cleansing Soul$() をアクティブにすると、一連の魔法の$(item)Tomes$() があなたの周囲に現れます。$(br2)これらのいずれかを押しながら [$(k:use)] を押すと、胸当てにこのスキルの 1 レベルを「教える」ことができます (習得するのに十分な予備ポイントがあると仮定します)。[$(k:sneak)] と [$(k:use)] を押し続けると、代わりに書物からできるだけ多くの XP が消費されます。"
    },
    {
      "type": "patchouli:text",
      "text": "そうすることで、十分な$(thing)Upgrade Points$() が不足しない限り、$(item)Tome$() が消費され、そこから得られるすべての EXP がチェストプレートに適用されます。$(br2)この場合、書物は可能な限り多くの EXP を適用し、残りを保管します。 ただし、残っているレベルが 1 レベル未満の場合は、その書物は破壊されます。"
    },
    {
      "type": "patchouli:text",
      "text": "これは、あまり役に立たないと思う能力を都合よく忘れながら、もっと知りたい能力に焦点を当ててトレーニングするための優れた方法です。$(br2)あるいは、異なるチェストプレートに異なるスキルを教えることもできるので、1 つのチェストプレートを採掘用、1 つを戦闘用、そしてもう 1 つを探索用にすることができます。"
    }
  ]
}