{
  "name": "生活設備の基礎",
  "icon": "bloodmagic:reagentbinding",
  "category": "bloodmagic:alchemy_array/living_equipment",
  "extra_recipe_mappings": {
    "bloodmagic:reagentbinding": 1,
    "bloodmagic:livinghelmet": 3,
    "bloodmagic:livingplate": 3,
    "bloodmagic:livingleggings": 3,
    "bloodmagic:livingboots": 3
  },
  "pages": [
    {
      "type": "patchouli:text",
      "text": "$(item)Living Equipment$() を作成するには、まず$(item)Iron Armor$() (または、必要に応じて$(item)Iron Armor$())、$(l:bloodmagic:alchemy_array/functional_arrays/arcane_ash)Arcane Ash$()、および$(item)Binding Reagent$() が必要になります。必要な$(item)Demon Will$() を保持するには、少なくとも$(br)$(l:bloodmagic:demon_will/will_manipulation/soul_gem)Common Tartaric Gem$() も必要です。"
    },
    {
      "type": "bloodmagic:crafting_alchemy_table",
      "heading": "Binding Reagent",
      "recipe": "bloodmagic:alchemytable/reagent_binding",
      "text": "$(italic)それは私にぴったりとくっついています...$()$(br2)$(br2)$(item)生体設備$() は$(item)ダイヤモンドアーマー$() と同等の耐久性を持ち、より多くの$(thing)結合試薬を使用した$(thing)アンビル$() で修復できます。$()"
    },
    {
      "type": "patchouli:text",
      "text": "他の Alchemy Array と同様に、$(item)Arcane Ashes$() を手に持ったブロックを見ながら [$(k:use)] を押し、$(item)Binding Reagent$() を適用します。次に、$(item)アイアン ヘルメット$()、$(item)アイアン チェストプレート$()、$(item)アイアン レギンス$()、または$(item)アイアン ブーツ$() を履き、後ろに立ってショーを鑑賞します。$(br2)Living Equipment は、最初は Iron と同等ですが、$(thing)アップグレード ポイント$() があり、慎重に使用して特定の方法で訓練することができます。100 から始まりますが、この制限を超える方法があるかもしれません..."
    },
    {
      "type": "bloodmagic:crafting_array",
      "heading": "Ritual of Binding",
      "recipe": "bloodmagic:array/living_helmet",
      "text": "それは生きています、大丈夫...そしてそれはあなたから学んでいます。教える内容には気を付けたほうがいいでしょう。$(br2)[$(k:sneak)] を押し続けると、これまでに学習した内容を詳しく見ることができます。"
    }
  ]
}