{
  "name": "生活設備のアップグレード",
  "icon": "bloodmagic:upgradetome",
  "priority": true,
  "category": "bloodmagic:alchemy_array/living_equipment",
  "pages": [
    {
      "type": "patchouli:text",
      "text": "この新しい鎧を身に着けている間、あなたは鎧が成長し、あなたが実行するさまざまなタスクを支援しようとしているのを感じました。$(br2)さまざまな分野で実行できるようですが、その成長には限界があり、すべてを一度に実行しようとするのは非常に無駄です。"
    },
    {
      "type": "patchouli:text",
      "text": "おそらく、複数の特殊なセットを使用するのが良い考えでしょうか?もちろん、不適切な方向のメリットをほんの少し以上得たい場合は、慎重にトレーニングする必要があります。$(br2)幸いなことに、あなたはトレーニングを支援する$(l:rituals/ritual_list/ritual_upgrade_remove)Ritual$() と、鎧にさらに大きな成長能力を与える$(l:rituals/ritual_list/ritual_armour_evolve)別の one$() を考案しました。"
    }
  ]
}