{
  "name": "トレーニングブレスレット",
  "icon": "bloodmagic:upgradetrainer",
  "category": "bloodmagic:alchemy_array/living_equipment",
  "pages": [
    {
      "type": "patchouli:text",
      "text": "この新しい機器は信じられないほど役立ちますが、その方向性のない成長は時々イライラすることがあります。この目的を達成するために、あなたは、努力を支援する$(item)トレーニング ブレスレット$() の形式を考案しました。作成したら、[$(k:use)] を押すだけでメニューがアクティブになり、どの能力に注目するか、どの能力を回避するかを指定できます。"
    },
    {
      "type": "bloodmagic:crafting_array",
      "heading": "Training Bracelet",
      "recipe": "bloodmagic:array/living_trainer",
      "text": "$(italic)*ここにロッキー トレーニング モンタージュを挿入*$()"
    },
    {
      "type": "patchouli:image",
      "images": [
        "bloodmagic:images/entries/alchemy_array/living_equipment/training_bracelet.png"
      ],
      "title": "トレーニング ブレスレット GUI",
      "border": false,
      "text": "トレーニング ブレスレットのメニュー - 最大 16 個の異なるアップグレードを一度に追跡できます。"
    },
    {
      "type": "patchouli:text",
      "text": "ブレスレットは、特定のアップグレードの制限を指定できます ($(item)Tome$() のコピーが手元にあると仮定します)。たとえば、Strong Legs をレベル 3 に制限するように指示できます。このレベルに到達すると、Strong Legs は経験値を獲得できなくなります。また、指定していない他のすべてのスキルのトレーニングを禁止または許可することもできます。1 つを除くすべてのアップグレードを許可したい場合は、そのアップグレードを「他の許可」モードでブレスレットに追加し、レベル キャップを 0 に設定します。"
    }
  ]
}