{
  "name": "Ritual of Magnetism",
  "icon": "minecraft:iron_ore",
  "category": "bloodmagic:rituals/ritual_list",
  "pages": [
    {
      "type": "multiblock",
      "name": "Ritual of Magnetism",
      "multiblock_id": "bloodmagic:magnetism",
      "text": "Use a $(l:bloodmagic:rituals/ritual_diviner)Ritual Diviner$(/l) for easier construction."
    },
    {
      "type": "bloodmagic:ritual_info",
      "ritual": "magnetism"
    },
    {
      "type": "patchouli:text",
      "text": "By default, the $()Ritual of Magnetism$() searches down to bedrock in a radius of 3 blocks out from the $(item)Master Ritual Stone$() for ores to collect. This can be augmented by placing an expensive block directly underneath the MRS, as follows: $(br)$(li)$(item)Block of Iron$() - 7 blocks. $(li)$(item)Block of Gold$() - 15 blocks. $(li)$(item)Block of Diamond$() - 31 blocks."
    },
    {
      "type": "bloodmagic:ritual_data",
      "ritual": "magnetism",
      "page_type": "placementRange",
      "text_overrides": [
        ["ores", "item"]
      ]
    }
  ]
}
