{
  "name": "Crash of the Timberman",
  "icon": "minecraft:oak_sapling",
  "category": "bloodmagic:rituals/ritual_list",
  "pages": [
    {
      "type": "multiblock",
      "name": "Crash of the Timberman",
      "multiblock_id": "bloodmagic:felling",
      "text": "Use a $(l:bloodmagic:rituals/ritual_diviner)Ritual Diviner$(/l) for easier construction."
    },
    {
      "type": "bloodmagic:ritual_info",
      "ritual": "felling"
    },
    {
      "type": "bloodmagic:ritual_data",
      "ritual": "felling",
      "page_type": "fellingRange"
    },
    {
      "type": "bloodmagic:ritual_data",
      "ritual": "felling",
      "page_type": "chest"
    }
  ]
}
