{
  "name": "Ritual of the Satiated Stomach",
  "icon": "minecraft:cake",
  "category": "bloodmagic:rituals/ritual_list",
  "pages": [
    {
      "type": "multiblock",
      "name": "Ritual of the Satiated Stomach",
      "multiblock_id": "bloodmagic:full_stomach",
      "text": "Use a $(l:bloodmagic:rituals/ritual_diviner)Ritual Diviner$(/l) for easier construction."
    },
    {
      "type": "bloodmagic:ritual_info",
      "ritual": "full_stomach"
    },
    {
      "type": "bloodmagic:ritual_data",
      "ritual": "full_stomach",
      "page_type": "fillRange"
    },
    {
      "type": "bloodmagic:ritual_data",
      "ritual": "full_stomach",
      "page_type": "chest"
    }
  ]
}
