{
  "name": "Domain of the Filler",
  "icon": "minecraft:dispenser",
  "category": "bloodmagic:rituals/ritual_list",
  "pages": [
    {
      "type": "patchouli:multiblock",
      "name": "Domain of the Filler",
      "multiblock_id": "bloodmagic:placer",
      "text": "Use a $(l:bloodmagic:rituals/ritual_diviner)Ritual Diviner$(/l) for easier construction."
    },
    {
      "type": "bloodmagic:ritual_info",
      "ritual": "placer"
    },
    {
      "type": "bloodmagic:ritual_data",
      "ritual": "placer",
      "page_type": "placerRange"
    },
    {
      "type": "bloodmagic:ritual_data",
      "ritual": "placer",
      "page_type": "chest"
    }
  ]
}
