{
  "name": "活性化クリスタル",
  "icon": "bloodmagic:activationcrystalweak",
  "category": "bloodmagic:rituals",
  "pages": [
    {
      "type": "patchouli:text",
      "text": "あなたの儀式には、単にブロックと印章を正しく配置するだけでは不十分です。魂のネットワークから儀式へのチャンネルを開くには意志の努力が必要ですが、$(item)活性化クリスタル$() を使用すると、儀式を活性化するのに十分な集中力を得ることができます。"
    },
    {
      "type": "bloodmagic:crafting_altar",
      "heading": "Weak Activation Crystal",
      "recipe": "bloodmagic:weak_activation_crystal",
      "text": "マスター儀式石にバインドされた活性化クリスタルを使って [$(k:use)] を押すだけで、それが適切に組み立てられていることが前提で、その一部である儀式が活性化されます。",
      "anchor": "weak"
    }
  ]
}