{
  "name": "儀式の石",
  "icon": "bloodmagic:waterritualstone",
  "category": "bloodmagic:rituals",
  "extra_recipe_mappings": {
    "bloodmagic:airritualstone": 0,
    "bloodmagic:fireritualstone": 0,
    "bloodmagic:waterritualstone": 0,
    "bloodmagic:earthritualstone": 0,
    "bloodmagic:duskritualstone": 0
  },
  "pages": [
    {
      "type": "patchouli:text",
      "text": "$(item)Ritual Stones$() は、$(item)Rituals$() を描画するキャンバスです。見た目もとてもおしゃれで、さまざまな$(l:bloodmagic:rituals/ritual_diviner)Elemental Inscription Tools$() を使用して手動でペイントすることもできます。$(br2)刻印ツールには以前は耐久性がありましたが、現在は永久に持続することに注意してください。$(fire)Fire Ritual Stones$() を使って基地を思う存分飾ることができます。"
    },
    {
      "type": "patchouli:crafting",
      "recipe": "bloodmagic:ritual_stone_blank",
      "recipe2": "bloodmagic:ritual_stone_master"
    }
  ]
}