{
  "name": "儀式の占い師",
  "icon": "bloodmagic:ritualdiviner",
  "category": "bloodmagic:rituals",
  "pages": [
    {
      "type": "patchouli:text",
      "text": "儀式の作成は複雑な作業です。たとえ正しい$(item)Inscription Tools$() を持っていたとしても、古い方法でルーン文字の碑文を叩きつけて、何かが起こることを期待することはできません。幸いなことに、$(item)Ritual Diviner$() が役に立ちます。$(br2)[$(k:sneak)] を押したまま、空を見ながら [$(k:use)] または [$(k:attack)] を押すと、利用可能な儀式がいずれかの方向に循環します。"
    },
    {
      "type": "patchouli:crafting",
      "recipe": "bloodmagic:ritual_diviner_0",
      "text": "$(item)マスター儀式石$() を見ながら [$(k:use)] をタップするだけで、ディバイナーはあなたが所持している$(item)儀式石$() から現在選択されている儀式を構築します。まるで魔法のようです！"
    },
    {
      "type": "patchouli:text",
      "text": "Ritual Diviner は交換可能なブロック (背の高い草、雪など) を破壊できますが、石や土などの固いブロックは破壊できません。そのため、建設を開始する前にエリアに空きがあることを確認してください。そうしないと、$(l:bloodmagic:rituals/activation_crystals)Activation Crystal$() がその仕事を実行できなくなります。$(br2)基本儀式の占い師は、より基本的な儀式の一部しか作成できないことにも注意してください。占い師を最大限に活用したい場合は、$(dusk)Dusk Inscription Tools$() でアップグレードする必要があります。"
    },
    {
      "type": "patchouli:crafting",
      "recipe": "bloodmagic:ritual_diviner_1",
      "anchor": "dusk",
      "text": "精霊の碑文ツールとは異なり、儀式の占者と儀式の占者[黄昏]がなくなることはありません。"
    },
    {
      "type": "patchouli:text",
      "text": "基本の Ritual Diviner は、その構築のために各$(item)Elemental Inscription Tool$() の 1 つを必要とするため、ティア 3$(l:bloodmagic:altar/blood_altar)Blood Altar$(/l)が必要になります。$(br2)4 つの基本的なエレメンタル碑文ツールは、次のページで定義されているように、それぞれ$(blood)1,000 LP$() で祭壇で作成できます。Ritual Diviner [Dusk] も同様に、Dusk Elemental Inscription Tools を 2 つ作成するために Tier 4 の祭壇を必要とし、それぞれ$(blood)2,000 LP$() のコストがかかります。"
    },
    {
      "type": "patchouli:text",
      "text": "これらのツールを使用してルーンを手動で刻むこともできますが、時間がかかり不正確であるため、装飾目的のみに真剣に使用する必要があります。"
    },
    {
      "type": "bloodmagic:2x_crafting_altar",
      "a.heading": "Inscription Tool: Air",
      "a.recipe": "bloodmagic:altar/air_tool",
      "b.heading": "Inscription Tool: Fire",
      "b.recipe": "bloodmagic:altar/fire_tool"
    },
    {
      "type": "bloodmagic:2x_crafting_altar",
      "a.heading": "Inscription Tool: Water",
      "a.recipe": "bloodmagic:altar/water_tool",
      "b.heading": "Inscription Tool: Earth",
      "b.recipe": "bloodmagic:altar/earth_tool"
    },
    {
      "type": "bloodmagic:crafting_altar",
      "heading": "Inscription Tool: Dusk",
      "recipe": "bloodmagic:altar/dusk_tool"
    }
  ]
}