{
  "name": "儀式のいじくり屋",
  "icon": "bloodmagic:ritualtinkerer",
  "category": "bloodmagic:rituals",
  "priority": "true",
  "pages": [
    {
      "type": "patchouli:text",
      "text": "$(item)Ritual Tinkerer$() は、$(thing)Rituals$() から得られるすべてのものを探している上級のサンギマンサーにとって不可欠なツールです。裏面に説明されているように、これには 3 つの主要なモードがあります。[$(k:sneak)] と [$(k:use)] を押すと、これらを切り替えることができます。"
    },
    {
      "type": "patchouli:crafting",
      "recipe": "bloodmagic:ritual_reader"
    },
    {
      "type": "patchouli:text",
      "text": "$(li)情報:$(l:bloodmagic:rituals/ritual_diviner)Ritual Diviner$() と同様の、$(thing)Ritual$() の機能について説明します。$(li)Set Will Consumed:$(l:bloodmagic:demon_will/will_manipulation/aura)Aura$() からどの種類の$(raw)Demon Will$() (存在する場合) を消費するかを$(thing)Ritual$() に指示します。これを指定するには、ホットバーに$(item)Demon Will Crystals$() を入れます。$(thing)Ritual$() で消費したい$(raw)will$() のタイプごとに 1 つずつです。$(raw)Demon Will$() が$(thing)Rituals$() に及ぼす影響の詳細については、本書の各$(thing)Ritual$() の各ページを参照してください。"
    },
    {
      "type": "patchouli:text",
      "text": "$(li)領域の定義:$(thing)Ritual$() が動作するゾーンを指定し、現在のゾーンを表示します。複数のゾーンを指定できる場合は、$(item)Master Ritual Stone$() で [$(k:sneak)] と [$(k:use)] を押すと、それらのゾーンが循環します。一部の$(thing)Rituals$() は、デフォルトの領域をはるかに超えて拡張できますが、それに応じて$(blood)LP$() のコストが増加することに注意してください。"
    }
  ]
}