{
  "name": "儀式 - はじめに",
  "icon": "bloodmagic:activationcrystalcreative",
  "category": "bloodmagic:rituals",
  "priority": "true",
  "pages": [
    {
      "type": "patchouli:text",
      "text": "$(l:bloodmagic:altar/blood_altar)の血の祭壇$(/l)を Tier 3 に到達したら、Rituals の素晴らしい世界を深く掘り下げることができます。$(br2)儀式を扱うには、次のものが必要です:$(li)$(l:bloodmagic:rituals/activation_crystals)アクティベーション Crystal$()。Tier 3 では、$(item)Weak Crystal$() のみが利用可能です。$(li)$(item)マスター儀式石$()。あらゆる儀式の中心には、これらのうちの 1 つが正確​​に必要です。"
    },
    {
      "type": "patchouli:text",
      "text": "$(li)儀式を構築するのに十分な儀式石。$(li)(推奨)$(l:bloodmagic:rituals/ritual_diviner)儀式の占い師$()。必須ではありませんが、儀式の構築が大幅に容易になります。$(br2)儀式の構築は比較的簡単です。Ritual Diviner を手に持った状態で、目的の儀式の名前が表示されるまで [$(k:sneak)] + [$(k:use)] を押すだけです。必要なルーンの数を確認するには、"
    },
    {
      "type": "patchouli:text",
      "text": "在庫と保有 [$(k:sneak)]。$(br2)マスター リチュアル ストーンを置き、すべての石が配置され、正しい要素がペイントされるまで [$(k:use)] を押し続けます。最後に、活性化クリスタルを手にマスター儀式石の [$(k:use)] を押します。すべて正しく行った場合は、「儀式を通じてエネルギーのラッシュが流れます!」というメッセージが表示されるはずです。儀式は現在アクティブです。"
    },
    {
      "type": "patchouli:text",
      "text": "これが起こらない場合は、いくつかの問題が発生している可能性があります。代わりに、「あなたは押し込まれているように感じますが、この儀式を完了するには弱すぎます」というテキストを受け取った場合は、$(thing)ソウル ネットワーク$() に儀式をアクティブにするのに十分な$(blood)LP$() がありません。$(br2)メッセージに「これらのルーンが正しく設定されていないと思われます...」というメッセージが表示された場合は、ルーンの配置に問題があることを意味します。エリアに障害物がないか確認し、儀式を再度組み立ててみてください。"
    },
    {
      "type": "patchouli:text",
      "text": "いくつかの儀式はマスター儀式石の上下に数ブロックにわたっていることを覚えておいてください。エラーが発生しない場合は、アクティベーション クリスタルがソウル ネットワークにバインドされていることを確認してください。これは、[$(k:use)] を押しながら押すことで実行できます。$(br2)クリスタルはあなたのネットワークにバインドされている必要はないことに注意することが重要です。他のプレイヤーのクリスタルを手に入れることができれば、そのプレイヤーの$(blood)LP$() を使用して儀式をアクティブにすることができます。しっかり守ってね！"
    },
    {
      "type": "patchouli:text",
      "text": "最後に一つ注意してください。すべての儀式は$(fire)redstone$() シグナルに反応するため、マスター儀式石の側面にレバーを突き刺すのが無効化する良い方法です。この知識を$(l:bloodmagic:altar/redstone_automation)Redstone および Automation$() の情報の一部と組み合わせて、$(thing)Soul Network$() が枯渇するずっと前に儀式を自動的にシャットダウンすることができます。"
    }
  ]
}