{
  "name": "バウンス",
  "icon": "minecraft:slime_ball",
  "category": "bloodmagic:alchemy_table/potion_flasks/blood_magic",
  "pages": [
    {
      "type": "patchouli:text",
      "text": "ターゲットが落下ダメージを受ける場合、$(thing)Bounce$() は代わりにターゲットを地面から無害に飛び跳ねさせます。うーん！$(br2)衝撃の前にしゃがむと、跳ねるのを防ぐことができます。"
    },
    {
      "type": "bloodmagic:3x_crafting_flask",
      "a.heading": "Bounce (3:00)",
      "a.recipe": "bloodmagic:flask/bounce",
      "b.heading": "Bounce (8:00)",
      "b.recipe": "bloodmagic:flask/length_bounce",
      "c.heading": "Bounce (21:20)",
      "c.recipe": "bloodmagic:flask/length_average_bounce"
    }
  ]
}