{
  "name": "フライト",
  "icon": "minecraft:feather",
  "category": "bloodmagic:alchemy_table/potion_flasks/blood_magic",
  "pages": [
    {
      "type": "patchouli:text",
      "text": "$(thing)Flight$() は、ターゲットが$(l:bloodmagic:rituals/ritual_list/ritual_condor)Reverence of the Condor$() 儀式の範囲内にいる場合と同様に、ターゲットにクリエイティブ スタイルのフライトを一時的に与えます。レベルが高いほど飛行速度が増加します。$(br2)これは、$(l:bloodmagic:alchemy_table/potion_flasks/blood_magic/suspended)Suspended$() エフェクトと$(l:bloodmagic:alchemy_table/potion_flasks/vanilla/levitation)Levitation$() エフェクトの両方を含むフラスコから作成されます。"
    },
    {
      "type": "bloodmagic:3x_crafting_flask",
      "a.heading": "Flight (3:00)",
      "a.recipe": "bloodmagic:flask/suspended_to_flight",
      "b.heading": "Flight (8:00)",
      "b.recipe": "bloodmagic:flask/length_flight",
      "c.heading": "Flight II (1:30)",
      "c.recipe": "bloodmagic:flask/potency_flight"
    },
    {
      "type": "patchouli:text",
      "text": "$(l:bloodmagic:alchemy_table/potions#average_potions)Standard Catalysts$() を追加すると、ポーションをさらに強化できます。"
    },
    {
      "type": "bloodmagic:2x_crafting_flask",
      "a.heading": "Flight III (0:45)",
      "a.recipe": "bloodmagic:flask/potency_average_flight",
      "b.heading": "Flight (21:20)",
      "b.recipe": "bloodmagic:flask/length_average_flight"
    }
  ]
}