{
  "name": "重力",
  "icon": "minecraft:tropical_fish",
  "category": "bloodmagic:alchemy_table/potion_flasks/blood_magic",
  "pages": [
    {
      "type": "patchouli:text",
      "text": "$(thing)Gravity$() を使用すると、ターゲットの落下が速くなり、着地時に受けるダメージが大きくなります。ただし、ジャンプの高さは下がりません。$(br2)これは、$(l:bloodmagic:alchemy_table/potion_flasks/blood_magic/grounded)Grounded$() エフェクトと$(l:bloodmagic:alchemy_table/potion_flasks/vanilla/slow_falling)Slow Falling$() エフェクトの両方を含むフラスコから作成されます。"
    },
    {
      "type": "bloodmagic:3x_crafting_flask",
      "a.heading": "Gravity (3:00)",
      "a.recipe": "bloodmagic:flask/gravity",
      "b.heading": "Gravity (8:00)",
      "b.recipe": "bloodmagic:flask/length_gravity",
      "c.heading": "Gravity II (1:30)",
      "c.recipe": "bloodmagic:flask/potency_gravity"
    },
    {
      "type": "patchouli:text",
      "text": "$(l:bloodmagic:alchemy_table/potions#average_potions)Standard Catalysts$() を追加すると、ポーションをさらに強化できます。"
    },
    {
      "type": "bloodmagic:2x_crafting_flask",
      "a.heading": "Gravity III (0:45)",
      "a.recipe": "bloodmagic:flask/potency_average_gravity",
      "b.heading": "Gravity (21:20)",
      "b.recipe": "bloodmagic:flask/length_average_gravity"
    }
  ]
}