{
  "name": "ハードマント",
  "icon": "minecraft:obsidian",
  "category": "bloodmagic:alchemy_table/potion_flasks/blood_magic",
  "pages": [
    {
      "type": "patchouli:text",
      "text": "$(thing)Hard Cloak$() を使用すると、レベルごとに 3 ポイントのアーマー タフネスが得られます。"
    },
    {
      "type": "bloodmagic:3x_crafting_flask",
      "a.heading": "Hard Cloak (3:00)",
      "a.recipe": "bloodmagic:flask/hard_cloak",
      "b.heading": "Hard Cloak (8:00)",
      "b.recipe": "bloodmagic:flask/length_hard_cloak",
      "c.heading": "Hard Cloak II (1:30)",
      "c.recipe": "bloodmagic:flask/potency_hard_cloak"
    },
    {
      "type": "patchouli:text",
      "text": "$(l:bloodmagic:alchemy_table/potions#average_potions)Standard Catalysts$() を追加すると、ポーションをさらに強化できます。"
    },
    {
      "type": "bloodmagic:2x_crafting_flask",
      "a.heading": "Hard Cloak III (0:45)",
      "a.recipe": "bloodmagic:flask/potency_average_hard_cloak",
      "b.heading": "Hard Cloak (21:20)",
      "b.recipe": "bloodmagic:flask/length_average_hard_cloak"
    }
  ]
}