{
  "name": "重いハート",
  "icon": "minecraft:slime_ball",
  "category": "bloodmagic:alchemy_table/potion_flasks/blood_magic",
  "pages": [
    {
      "type": "patchouli:text",
      "text": "$(thing)He​​avy Heart$() はターゲットを着実に下に引きずり込み、飛行や水泳を大幅に困難にします。$(br2)これは、$(l:bloodmagic:alchemy_table/potion_flasks/blood_magic/gravity)Gravity$() 効果と$(l:bloodmagic:alchemy_table/potion_flasks/vanilla/instant_health)Instant Health$() 効果の両方を含むフラスコから作成されます。"
    },
    {
      "type": "bloodmagic:3x_crafting_flask",
      "a.heading": "Heavy Heart (3:00)",
      "a.recipe": "bloodmagic:flask/gravity_to_heart",
      "b.heading": "Heavy Heart (8:00)",
      "b.recipe": "bloodmagic:flask/length_heavy_heart",
      "c.heading": "Heavy Heart II (1:30)",
      "c.recipe": "bloodmagic:flask/potency_heavy_heart"
    },
    {
      "type": "patchouli:text",
      "text": "$(l:bloodmagic:alchemy_table/potions#average_potions)Standard Catalysts$() を追加すると、ポーションをさらに強化できます。"
    },
    {
      "type": "bloodmagic:2x_crafting_flask",
      "a.heading": "Heavy Heart III (0:45)",
      "a.recipe": "bloodmagic:flask/potency_average_heavy_heart",
      "b.heading": "Heavy Heart (21:20)",
      "b.recipe": "bloodmagic:flask/length_average_heavy_heart"
    }
  ]
}