{
  "name": "スペクトルサイト",
  "icon": "minecraft:glowstone_dust",
  "category": "bloodmagic:alchemy_table/potion_flasks/blood_magic",
  "pages": [
    {
      "type": "patchouli:text",
      "text": "$(thing)Spectral Sight$() は、まるで光るバフを持っているかのように近くの生き物を照らします。基本範囲は 24 ブロックで、より高いレベルでは、レベルごとにさらに 32 ブロックずつ範囲が増加します。$(br2)$(l:bloodmagic:alchemy_table/potion_flasks/vanilla/night_vision)ナイト ビジョン$() のポーションから作られています。"
    },
    {
      "type": "bloodmagic:3x_crafting_flask",
      "a.heading": "Spectral Sight (3:00)",
      "a.recipe": "bloodmagic:flask/night_to_spectral",
      "b.heading": "Spectral Sight (8:00)",
      "b.recipe": "bloodmagic:flask/length_spectral_sight",
      "c.heading": "Spectral Sight II (1:30)",
      "c.recipe": "bloodmagic:flask/potency_spectral_sight"
    },
    {
      "type": "patchouli:text",
      "text": "$(l:bloodmagic:alchemy_table/potions#average_potions)Standard Catalysts$() を追加すると、ポーションをさらに強化できます。"
    },
    {
      "type": "bloodmagic:2x_crafting_flask",
      "a.heading": "Spectral Sight III (0:45)",
      "a.recipe": "bloodmagic:flask/potency_average_spectral_sight",
      "b.heading": "Spectral Sight (21:20)",
      "b.recipe": "bloodmagic:flask/length_average_spectral_sight"
    }
  ]
}