{
  "name": "一時停止中",
  "icon": "minecraft:cobweb",
  "category": "bloodmagic:alchemy_table/potion_flasks/blood_magic",
  "pages": [
    {
      "type": "patchouli:text",
      "text": "$(thing)Suspended$() は、ターゲットがジャンプしたり、落下したり、重力の影響を受けることを防ぎます。しかし、彼らはまだ動くことができ、まるで終わりのない平らな氷の面の上を滑りながら動き回ります。$(br2)$(l:bloodmagic:alchemy_table/potion_flasks/blood_magic/gravity)Gravity$() のポーションから作られています。"
    },
    {
      "type": "bloodmagic:3x_crafting_flask",
      "a.heading": "Suspended (3:00)",
      "a.recipe": "bloodmagic:flask/gravity_to_suspended",
      "b.heading": "Suspended (8:00)",
      "b.recipe": "bloodmagic:flask/length_suspended",
      "c.heading": "Suspended (21:20)",
      "c.recipe": "bloodmagic:flask/length_average_suspended"
    }
  ]
}